G103	G433	1
G103	G1266	1
G103	G219	1
G103	G110	1
G103	G89	1
G103	G2737	1
G103	G19	1
G103	G796	1
G103	G323	1
G103	G309	1
G164	G896	1
G164	G3260	1
G164	G3703	1
G12	G2595	1
G12	G2314	1
G12	G4271	1
G12	G2709	1
G12	G254	1
G12	G1404	1
G12	G3813	1
G12	G4220	1
G258	G2593	1
G258	G1715	1
G258	G1473	1
G258	G1695	1
G258	G2389	1
G258	G1987	1
G258	G3317	1
G258	G1873	1
G258	G579	1
G258	G952	1
G330	G2894	1
G330	G2502	1
G330	G263	1
G330	G2192	1
G330	G3523	1
G330	G1387	1
G330	G1535	1
G330	G2033	1
G330	G1898	1
G263	G1247	1
G263	G3893	1
G319	G1639	1
G319	G3814	1
G319	G1063	1
G319	G1874	1
G319	G2602	1
G319	G3471	1
G319	G2440	1
G319	G2562	1
G319	G4389	1
G11	G2025	1
G11	G2991	1
G11	G2615	1
G11	G448	1
G11	G2961	1
G11	G2592	1
G11	G1783	1
G11	G2313	1
G11	G3659	1
G11	G3546	1
G11	G190	1
G11	G2848	1
G11	G1396	1
G313	G3200	1
G313	G534	1
G313	G3459	1
G313	G3466	1
G313	G3951	1
G313	G3949	1
G313	G3906	1
G313	G4243	1
G313	G936	1
G313	G1639	1
G313	G3814	1
G313	G1063	1
G313	G319	1
G313	G4417	1
G313	G3598	1
G313	G78	1
G313	G1039	1
G313	G469	1
G313	G621	1
G313	G2887	1
G313	G4032	1
G313	G3656	1
G313	G2854	1
G313	G4330	1
G313	G2154	1
G313	G2282	1
G313	G1104	1
G313	G2922	1
G313	G1877	1
G313	G4222	1
G313	G3086	1
G313	G659	1
G313	G2404	1
G313	G1682	1
G313	G2436	1
G313	G2763	1
G313	G2024	1
G313	G4415	1
G313	G4296	1
G313	G1323	1
G313	G2302	1
G313	G4336	1
G313	G300	1
G313	G745	1
G313	G2072	1
G313	G2746	1
G313	G3339	1
G313	G3011	1
G313	G3805	1
G313	G3099	1
G313	G3195	1
G313	G3036	1
G313	G92	1
G313	G2666	1
G313	G521	1
G313	G2610	1
G313	G1246	1
G313	G2314	1
G313	G259	1
G313	G254	1
G313	G1530	1
G313	G1768	1
G313	G1792	1
G313	G1080	1
G313	G1062	1
G313	G525	1
G313	G3812	1
G313	G1653	1
G313	G2317	1
G313	G1743	1
G313	G2453	1
G313	G2773	1
G313	G3367	1
G313	G3205	1
G313	G3751	1
G313	G3406	1
G313	G2097	1
G313	G3817	1
G313	G1874	1
G313	G2602	1
G313	G3471	1
G313	G2440	1
G313	G2562	1
G313	G4389	1
G313	G3597	1
G313	G3263	1
G313	G3341	1
G313	G3605	1
G313	G740	1
G313	G580	1
G313	G1573	1
G313	G4380	1
G313	G1035	1
G313	G2989	1
G313	G1195	1
G313	G187	1
G313	G4447	1
G313	G2451	1
G313	G2187	1
G313	G3447	1
G313	G4411	1
G313	G3861	1
G313	G2516	1
G313	G3129	1
G313	G2527	1
G313	G3831	1
G313	G488	1
G313	G684	1
G313	G2637	1
G313	G2707	1
G313	G1950	1
G313	G1730	1
G313	G4344	1
G313	G2321	1
G313	G663	1
G313	G2818	1
G313	G3258	1
G313	G995	1
G313	G3315	1
G313	G1893	1
G313	G1539	1
G313	G3074	1
G313	G3952	1
G313	G1662	1
G313	G3192	1
G313	G799	1
G313	G4277	1
G313	G2779	1
G313	G4506	1
G313	G1562	1
G313	G79	1
G313	G1868	1
G313	G1468	1
G313	G3830	1
G313	G3309	1
G313	G1500	1
G313	G1806	1
G313	G1773	1
G313	G4272	1
G313	G316	1
G313	G2955	1
G313	G2904	1
G313	G1559	1
G313	G338	1
G313	G1485	1
G313	G4397	1
G313	G1282	1
G313	G1326	1
G313	G4283	1
G313	G1057	1
G313	G2796	1
G313	G965	1
G313	G4020	1
G313	G702	1
G313	G3562	1
G313	G847	1
G313	G3373	1
G313	G4303	1
G313	G2238	1
G313	G2375	1
G313	G3810	1
G313	G2068	1
G313	G4134	1
G313	G4047	1
G313	G1980	1
G313	G628	1
G313	G2469	1
G313	G285	1
G313	G3412	1
G313	G2659	1
G232	G4107	1
G232	G3738	1
G232	G3625	1
G232	G3	1
G232	G1451	1
G232	G1842	1
G232	G2203	1
G232	G3534	1
G232	G564	1
G232	G3990	1
G232	G2605	1
G232	G1198	1
G232	G4360	1
G223	G1256	1
G223	G2445	1
G223	G444	1
G223	G363	1
G223	G2522	1
G223	G1917	1
G223	G797	1
G223	G1370	1
G223	G1897	1
G223	G2458	1
G223	G2957	1
G223	G3462	1
G223	G4481	1
G223	G2705	1
G223	G791	1
G223	G1993	1
G223	G3954	1
G223	G2971	1
G223	G3792	1
G223	G1545	1
G223	G3755	1
G223	G1404	1
G223	G3813	1
G223	G4220	1
G223	G897	1
G223	G1794	1
G223	G714	1
G223	G813	1
G223	G4322	1
G223	G4361	1
G223	G2360	1
G223	G3584	1
G223	G900	1
G223	G1049	1
G223	G2844	1
G43	G3628	1
G43	G4293	1
G44	G3437	1
G44	G1888	1
G44	G1018	1
G44	G160	1
G44	G2369	1
G241	G2535	1
G241	G1668	1
G241	G1925	1
G169	G1838	1
G169	G1212	1
G169	G1221	1
G169	G3729	1
G804	G3571	1
G144	G558	1
G144	G1216	1
G144	G2128	1
G144	G587	1
G144	G4244	1
G144	G437	1
G144	G2334	1
G234	G150	1
G234	G1090	1
G234	G1940	1
G234	G2244	1
G234	G2044	1
G234	G475	1
G234	G1392	1
G234	G3153	1
G234	G280	1
G234	G249	1
G234	G3545	1
G234	G3976	1
G234	G4209	1
G78	G4417	1
G78	G3598	1
G78	G1039	1
G39	G2665	1
G39	G4123	1
G39	G4069	1
G39	G3756	1
G39	G1848	1
G203	G4420	1
G203	G1600	1
G55	G1037	1
G55	G1939	1
G55	G149	1
G55	G1286	1
G55	G3200	1
G55	G534	1
G55	G3459	1
G55	G3466	1
G55	G3951	1
G55	G3906	1
G55	G4243	1
G55	G887	1
G55	G3374	1
G55	G3057	1
G55	G2593	1
G55	G3317	1
G55	G1873	1
G55	G2647	1
G55	G936	1
G55	G2926	1
G55	G3320	1
G55	G2111	1
G55	G3326	1
G55	G2025	1
G55	G2991	1
G55	G11	1
G55	G2615	1
G55	G448	1
G55	G2961	1
G55	G2592	1
G55	G1783	1
G55	G2313	1
G55	G797	1
G55	G3484	1
G55	G3437	1
G55	G1888	1
G55	G1844	1
G55	G1817	1
G55	G2117	1
G55	G4333	1
G55	G3454	1
G55	G2887	1
G55	G4032	1
G55	G3656	1
G55	G2854	1
G55	G4330	1
G55	G151	1
G55	G2154	1
G55	G2964	1
G55	G2157	1
G55	G691	1
G55	G3470	1
G55	G4327	1
G55	G970	1
G55	G128	1
G55	G4074	1
G55	G2282	1
G55	G1104	1
G55	G2922	1
G55	G1877	1
G55	G4222	1
G55	G3086	1
G55	G4237	1
G55	G3296	1
G55	G150	1
G55	G1090	1
G55	G1940	1
G55	G2244	1
G55	G2394	1
G55	G3643	1
G55	G3862	1
G55	G20	1
G55	G2804	1
G55	G1157	1
G55	G2489	1
G55	G948	1
G55	G2763	1
G55	G2024	1
G55	G4415	1
G55	G4296	1
G55	G1323	1
G55	G769	1
G55	G277	1
G55	G2340	1
G55	G2897	1
G55	G2302	1
G55	G2135	1
G55	G1145	1
G55	G83	1
G55	G4422	1
G55	G3460	1
G55	G2895	1
G55	G3282	1
G55	G3904	1
G55	G300	1
G55	G745	1
G55	G989	1
G55	G4362	1
G55	G992	1
G55	G3172	1
G55	G2218	1
G55	G1091	1
G55	G2983	1
G55	G4367	1
G55	G408	1
G55	G2604	1
G55	G2641	1
G55	G1464	1
G55	G115	1
G55	G3885	1
G55	G3339	1
G55	G3805	1
G55	G3036	1
G55	G2834	1
G55	G3982	1
G55	G104	1
G55	G4332	1
G55	G1886	1
G55	G3185	1
G55	G2125	1
G55	G3725	1
G55	G2387	1
G55	G23	1
G55	G545	1
G55	G998	1
G55	G2023	1
G55	G2786	1
G55	G2353	1
G55	G219	1
G55	G110	1
G55	G2666	1
G55	G1624	1
G55	G2122	1
G55	G1588	1
G55	G4286	1
G55	G2728	1
G55	G1420	1
G55	G161	1
G55	G681	1
G55	G521	1
G55	G2610	1
G55	G1246	1
G55	G305	1
G55	G1458	1
G55	G3431	1
G55	G3475	1
G55	G2314	1
G55	G4271	1
G55	G2709	1
G55	G259	1
G55	G254	1
G55	G3953	1
G55	G3742	1
G55	G3457	1
G55	G3748	1
G55	G315	1
G55	G3356	1
G55	G4212	1
G55	G1530	1
G55	G1768	1
G55	G1792	1
G55	G1080	1
G55	G1062	1
G55	G525	1
G55	G3994	1
G55	G3529	1
G55	G2424	1
G55	G673	1
G55	G1842	1
G55	G36	1
G55	G4385	1
G55	G2252	1
G55	G3076	1
G55	G733	1
G55	G4146	1
G55	G303	1
G55	G4098	1
G55	G2773	1
G55	G3367	1
G55	G3205	1
G55	G3751	1
G55	G3386	1
G55	G3442	1
G55	G1934	1
G55	G2966	1
G55	G2479	1
G55	G58	1
G55	G3879	1
G55	G2324	1
G55	G3406	1
G55	G1404	1
G55	G3813	1
G55	G4220	1
G55	G3730	1
G55	G1526	1
G55	G2775	1
G55	G4305	1
G55	G958	1
G55	G2097	1
G55	G1716	1
G55	G4300	1
G55	G2505	1
G55	G233	1
G55	G1331	1
G55	G785	1
G55	G3910	1
G55	G2300	1
G55	G668	1
G55	G3496	1
G55	G1250	1
G55	G3441	1
G55	G3295	1
G55	G2640	1
G55	G2132	1
G55	G3726	1
G55	G2005	1
G55	G3718	1
G55	G183	1
G55	G113	1
G55	G1944	1
G55	G590	1
G55	G2246	1
G55	G1920	1
G55	G4108	1
G55	G906	1
G55	G794	1
G55	G2049	1
G55	G2720	1
G55	G4031	1
G55	G301	1
G55	G808	1
G55	G4464	1
G55	G837	1
G55	G311	1
G55	G2913	1
G55	G434	1
G55	G1074	1
G55	G4322	1
G55	G2660	1
G55	G952	1
G55	G1190	1
G55	G76	1
G55	G2629	1
G55	G3522	1
G55	G3828	1
G55	G4447	1
G55	G2724	1
G55	G4335	1
G55	G1704	1
G55	G4100	1
G55	G539	1
G55	G3415	1
G55	G3681	1
G55	G95	1
G55	G4356	1
G55	G2031	1
G55	G2515	1
G55	G269	1
G55	G1051	1
G55	G3031	1
G55	G937	1
G55	G145	1
G55	G1499	1
G55	G4149	1
G55	G953	1
G55	G3233	1
G55	G2121	1
G55	G3766	1
G55	G89	1
G55	G2737	1
G55	G19	1
G55	G3775	1
G55	G1117	1
G55	G2451	1
G55	G2821	1
G55	G2668	1
G55	G1398	1
G55	G1133	1
G55	G167	1
G55	G2196	1
G55	G4361	1
G55	G2581	1
G55	G4173	1
G55	G3449	1
G55	G1177	1
G55	G1974	1
G55	G4101	1
G55	G3155	1
G55	G1871	1
G55	G1962	1
G55	G178	1
G55	G176	1
G55	G425	1
G55	G398	1
G55	G2730	1
G55	G2620	1
G55	G1551	1
G55	G443	1
G55	G60	1
G55	G3305	1
G55	G1802	1
G55	G4012	1
G55	G2330	1
G55	G4145	1
G55	G260	1
G55	G3896	1
G55	G1719	1
G55	G2916	1
G55	G1586	1
G55	G3768	1
G55	G2805	1
G55	G4270	1
G55	G2970	1
G55	G2799	1
G55	G4125	1
G55	G3221	1
G55	G876	1
G55	G414	1
G55	G3839	1
G55	G3990	1
G55	G2605	1
G55	G4235	1
G55	G2800	1
G55	G2360	1
G55	G3871	1
G55	G593	1
G55	G283	1
G55	G663	1
G55	G3754	1
G55	G235	1
G55	G2393	1
G55	G3108	1
G55	G2242	1
G55	G3184	1
G55	G2784	1
G55	G3568	1
G55	G3840	1
G55	G3483	1
G55	G1973	1
G55	G2264	1
G55	G343	1
G55	G3650	1
G55	G3302	1
G55	G69	1
G55	G1539	1
G55	G3419	1
G55	G1603	1
G55	G3584	1
G55	G1181	1
G55	G1058	1
G55	G3889	1
G55	G4113	1
G55	G1767	1
G55	G3336	1
G55	G2708	1
G55	G4174	1
G55	G160	1
G55	G2795	1
G55	G1662	1
G55	G2446	1
G55	G1778	1
G55	G1702	1
G55	G799	1
G55	G4277	1
G55	G2779	1
G55	G4506	1
G55	G79	1
G55	G1305	1
G55	G900	1
G55	G2822	1
G55	G3619	1
G55	G1324	1
G55	G3323	1
G55	G3316	1
G55	G25	1
G55	G2388	1
G55	G3156	1
G55	G2319	1
G55	G3544	1
G55	G106	1
G55	G236	1
G55	G1868	1
G55	G3553	1
G55	G3655	1
G55	G788	1
G55	G810	1
G55	G27	1
G55	G204	1
G55	G316	1
G55	G499	1
G55	G3631	1
G55	G1049	1
G55	G2798	1
G55	G1781	1
G55	G295	1
G55	G52	1
G55	G2487	1
G55	G965	1
G55	G4020	1
G55	G702	1
G55	G3562	1
G55	G1348	1
G55	G1616	1
G55	G2225	1
G55	G2036	1
G55	G4004	1
G55	G4469	1
G55	G1996	1
G55	G847	1
G55	G4382	1
G55	G3935	1
G55	G653	1
G55	G2572	1
G55	G3383	1
G55	G2789	1
G55	G1835	1
G55	G1937	1
G55	G122	1
G55	G4303	1
G55	G2238	1
G55	G2375	1
G55	G3810	1
G55	G3151	1
G55	G3254	1
G55	G4	1
G55	G1532	1
G55	G3044	1
G55	G1029	1
G55	G907	1
G55	G1034	1
G55	G4157	1
G55	G1891	1
G55	G1036	1
G55	G495	1
G55	G4134	1
G55	G4047	1
G55	G3891	1
G55	G2844	1
G55	G2819	1
G55	G2258	1
G55	G1418	1
G55	G3519	1
G55	G1340	1
G55	G3189	1
G55	G1827	1
G55	G4016	1
G55	G4460	1
G55	G1643	1
G55	G704	1
G55	G903	1
G55	G2448	1
G55	G3307	1
G55	G2574	1
G55	G2500	1
G55	G492	1
G55	G2141	1
G55	G1355	1
G55	G3919	1
G55	G3486	1
G55	G2027	1
G55	G417	1
G55	G2566	1
G55	G1033	1
G55	G253	1
G55	G589	1
G55	G3659	1
G55	G3546	1
G55	G782	1
G55	G1795	1
G55	G3870	1
G55	G285	1
G55	G2354	1
G55	G2013	1
G55	G2369	1
G55	G1622	1
G55	G4282	1
G55	G3791	1
G55	G2907	1
G55	G4360	1
G55	G1396	1
G55	G2000	1
G55	G3433	1
G55	G247	1
G55	G2995	1
G55	G4151	1
G55	G3127	1
G55	G1557	1
G55	G392	1
G55	G1658	1
G55	G4133	1
G55	G101	1
G55	G1538	1
G251	G469	1
G251	G621	1
G151	G2887	1
G151	G4032	1
G151	G3656	1
G151	G2854	1
G151	G4330	1
G151	G2154	1
G151	G998	1
G151	G2023	1
G151	G2786	1
G151	G2353	1
G197	G4395	1
G197	G1427	1
G197	G4111	1
G197	G3595	1
G197	G3142	1
G197	G1985	1
G197	G422	1
G197	G4041	1
G197	G824	1
G38	G1179	1
G38	G382	1
G38	G2030	1
G38	G369	1
G38	G570	1
G38	G471	1
G38	G4014	1
G38	G1604	1
G38	G1997	1
G128	G2157	1
G128	G691	1
G128	G3470	1
G128	G4327	1
G128	G970	1
G86	G558	1
G86	G4246	1
G86	G2312	1
G86	G144	1
G86	G1216	1
G86	G3647	1
G86	G2744	1
G86	G1703	1
G86	G2680	1
G86	G3345	1
G86	G3325	1
G86	G3160	1
G86	G150	1
G86	G1090	1
G86	G1940	1
G86	G2244	1
G86	G948	1
G86	G2809	1
G86	G3972	1
G86	G1491	1
G86	G731	1
G86	G1782	1
G86	G1173	1
G86	G632	1
G86	G3153	1
G86	G1895	1
G86	G2797	1
G86	G4116	1
G86	G89	1
G86	G2737	1
G86	G19	1
G86	G2128	1
G86	G587	1
G86	G4244	1
G86	G437	1
G86	G2760	1
G86	G835	1
G86	G3262	1
G86	G593	1
G86	G1058	1
G86	G1089	1
G86	G3097	1
G86	G27	1
G86	G204	1
G86	G3199	1
G86	G1781	1
G86	G295	1
G86	G52	1
G86	G1634	1
G86	G1477	1
G86	G2980	1
G86	G2334	1
G86	G2204	1
G86	G3976	1
G86	G4306	1
G86	G2180	1
G86	G296	1
G86	G3607	1
G86	G4439	1
G86	G2718	1
G86	G440	1
G86	G3700	1
G282	G3200	1
G282	G534	1
G282	G3459	1
G282	G3466	1
G282	G3951	1
G282	G3906	1
G282	G4243	1
G282	G4196	1
G282	G4086	1
G282	G4417	1
G282	G3598	1
G282	G78	1
G282	G1039	1
G282	G55	1
G282	G3296	1
G282	G150	1
G282	G1090	1
G282	G1940	1
G282	G2244	1
G282	G659	1
G282	G2404	1
G282	G2763	1
G282	G2024	1
G282	G4415	1
G282	G4296	1
G282	G1323	1
G282	G769	1
G282	G2896	1
G282	G879	1
G282	G1114	1
G282	G3836	1
G282	G1464	1
G282	G2834	1
G282	G2315	1
G282	G4147	1
G282	G4150	1
G282	G2342	1
G282	G4212	1
G282	G36	1
G282	G2412	1
G282	G4009	1
G282	G548	1
G282	G1035	1
G282	G4447	1
G282	G3233	1
G282	G2121	1
G282	G3766	1
G282	G89	1
G282	G2737	1
G282	G19	1
G282	G2620	1
G282	G1551	1
G282	G443	1
G282	G60	1
G282	G4125	1
G282	G3221	1
G282	G876	1
G282	G3302	1
G282	G4266	1
G282	G69	1
G282	G2368	1
G282	G3419	1
G282	G410	1
G282	G4452	1
G282	G1767	1
G282	G3336	1
G282	G2708	1
G282	G4174	1
G282	G2446	1
G282	G1778	1
G282	G3080	1
G282	G3008	1
G282	G3278	1
G282	G3257	1
G282	G2538	1
G282	G1707	1
G282	G2553	1
G72	G2650	1
G72	G4356	1
G72	G2031	1
G72	G2515	1
G72	G2996	1
G150	G3345	1
G150	G3325	1
G150	G3160	1
G150	G1090	1
G150	G1940	1
G150	G2244	1
G150	G3993	1
G150	G194	1
G150	G1339	1
G150	G329	1
G150	G1777	1
G150	G3675	1
G150	G3843	1
G150	G3472	1
G150	G4109	1
G150	G3435	1
G150	G3022	1
G150	G2327	1
G150	G764	1
G150	G3188	1
G150	G512	1
G150	G2924	1
G150	G4496	1
G150	G3867	1
G150	G1958	1
G150	G2999	1
G150	G4373	1
G24	G2394	1
G24	G1458	1
G24	G3431	1
G24	G3475	1
G7	G785	1
G7	G281	1
G193	G367	1
G193	G2802	1
G193	G592	1
G193	G4374	1
G193	G857	1
G193	G2130	1
G193	G3798	1
G120	G1954	1
G120	G4276	1
G120	G418	1
G120	G2657	1
G120	G2008	1
G120	G2763	1
G120	G2024	1
G120	G4415	1
G120	G4296	1
G120	G1323	1
G120	G2767	1
G334	G3176	1
G334	G3363	1
G334	G2021	1
G140	G197	1
G140	G465	1
G140	G4434	1
G140	G3973	1
G140	G3621	1
G140	G2575	1
G140	G3158	1
G140	G2341	1
G140	G817	1
G140	G4492	1
G140	G2331	1
G140	G934	1
G140	G1000	1
G140	G3972	1
G140	G518	1
G140	G4395	1
G140	G1427	1
G140	G4111	1
G140	G3595	1
G140	G3142	1
G140	G1985	1
G140	G422	1
G140	G4041	1
G140	G824	1
G140	G2924	1
G140	G3412	1
G140	G508	1
G140	G136	1
G140	G1971	1
G277	G2964	1
G277	G4422	1
G277	G3460	1
G277	G2895	1
G277	G3282	1
G277	G4235	1
G277	G2800	1
G277	G1058	1
G277	G204	1
G277	G2258	1
G277	G3519	1
G277	G1622	1
G83	G2302	1
G83	G1145	1
G83	G300	1
G83	G745	1
G83	G1631	1
G83	G2754	1
G83	G4058	1
G83	G3561	1
G83	G2610	1
G152	G4422	1
G152	G3460	1
G152	G2895	1
G152	G3282	1
G152	G2800	1
G152	G2258	1
G9	G3387	1
G9	G914	1
G9	G2787	1
G80	G4211	1
G80	G4090	1
G80	G2679	1
G80	G2757	1
G80	G2762	1
G80	G3202	1
G80	G388	1
G80	G4472	1
G3531	G20	1
G1725	G20	1
G1725	G3531	1
G3531	G1725	1
G3	G936	1
G3	G1451	1
G3	G4300	1
G3	G2505	1
G3	G3990	1
G3	G2605	1
G3	G394	1
G3	G1198	1
G3	G204	1
G3	G4360	1
G300	G319	1
G300	G2282	1
G300	G1104	1
G300	G2922	1
G300	G1877	1
G300	G4222	1
G300	G3086	1
G300	G745	1
G300	G3885	1
G300	G2451	1
G157	G989	1
G157	G4362	1
G134	G3172	1
G134	G2218	1
G123	G433	1
G123	G1266	1
G262	G3262	1
G262	G593	1
G138	G558	1
G138	G964	1
G138	G1949	1
G138	G2655	1
G138	G1206	1
G138	G259	1
G138	G2821	1
G138	G2668	1
G138	G1002	1
G138	G1982	1
G138	G271	1
G138	G2137	1
G138	G991	1
G138	G3311	1
G138	G3541	1
G138	G3480	1
G138	G3678	1
G115	G3885	1
G115	G3486	1
G115	G2027	1
G115	G417	1
G115	G2566	1
G115	G1033	1
G115	G253	1
G92	G3459	1
G92	G3466	1
G92	G3949	1
G92	G3906	1
G92	G3101	1
G92	G3582	1
G92	G4196	1
G92	G3057	1
G92	G936	1
G92	G1751	1
G92	G3326	1
G92	G313	1
G92	G1844	1
G92	G2589	1
G92	G2419	1
G92	G2788	1
G92	G251	1
G92	G2887	1
G92	G4032	1
G92	G3656	1
G92	G2854	1
G92	G4330	1
G92	G151	1
G92	G2154	1
G92	G351	1
G92	G3629	1
G92	G3047	1
G92	G2249	1
G92	G3012	1
G92	G2073	1
G92	G3708	1
G92	G2222	1
G92	G2741	1
G92	G1815	1
G92	G4429	1
G92	G2677	1
G92	G2150	1
G92	G2282	1
G92	G1104	1
G92	G2922	1
G92	G1877	1
G92	G4222	1
G92	G3086	1
G92	G659	1
G92	G2404	1
G92	G1682	1
G92	G2436	1
G92	G2763	1
G92	G2024	1
G92	G4415	1
G92	G4296	1
G92	G1323	1
G92	G769	1
G92	G2135	1
G92	G1145	1
G92	G4336	1
G92	G83	1
G92	G855	1
G92	G2041	1
G92	G3321	1
G92	G4003	1
G92	G1595	1
G92	G300	1
G92	G745	1
G92	G4083	1
G92	G4255	1
G92	G2701	1
G92	G3488	1
G92	G2269	1
G92	G964	1
G92	G1949	1
G92	G1601	1
G92	G1146	1
G92	G3380	1
G92	G2832	1
G92	G3731	1
G92	G4390	1
G92	G2974	1
G92	G53	1
G92	G1540	1
G92	G2228	1
G92	G99	1
G92	G998	1
G92	G2023	1
G92	G2786	1
G92	G2353	1
G92	G2666	1
G92	G1624	1
G92	G1631	1
G92	G2754	1
G92	G4058	1
G92	G3561	1
G92	G521	1
G92	G2610	1
G92	G1246	1
G92	G2314	1
G92	G188	1
G92	G254	1
G92	G382	1
G92	G2030	1
G92	G369	1
G92	G570	1
G92	G3529	1
G92	G2424	1
G92	G673	1
G92	G1842	1
G92	G2523	1
G92	G1498	1
G92	G2773	1
G92	G3367	1
G92	G3205	1
G92	G2479	1
G92	G3879	1
G92	G1404	1
G92	G3813	1
G92	G4220	1
G92	G4314	1
G92	G2097	1
G92	G864	1
G92	G3021	1
G92	G3817	1
G92	G1250	1
G92	G1332	1
G92	G1944	1
G92	G590	1
G92	G2246	1
G92	G1920	1
G92	G4108	1
G92	G906	1
G92	G794	1
G92	G2049	1
G92	G2720	1
G92	G4031	1
G92	G301	1
G92	G2474	1
G92	G3727	1
G92	G3369	1
G92	G3528	1
G92	G3029	1
G92	G4447	1
G92	G2423	1
G92	G4168	1
G92	G592	1
G92	G4374	1
G92	G857	1
G92	G2130	1
G92	G3798	1
G92	G2187	1
G92	G3447	1
G92	G13	1
G92	G3073	1
G92	G678	1
G92	G3610	1
G92	G2043	1
G92	G3360	1
G92	G3739	1
G92	G2758	1
G92	G4063	1
G92	G3432	1
G92	G3785	1
G92	G1505	1
G92	G4035	1
G92	G192	1
G92	G2781	1
G92	G4411	1
G92	G3586	1
G92	G1047	1
G92	G688	1
G92	G4251	1
G92	G2626	1
G92	G2	1
G92	G4125	1
G92	G3221	1
G92	G876	1
G92	G424	1
G92	G1395	1
G92	G4166	1
G92	G2855	1
G92	G3330	1
G92	G3365	1
G92	G1705	1
G92	G1693	1
G92	G4245	1
G92	G3256	1
G92	G3537	1
G92	G3861	1
G92	G2516	1
G92	G3129	1
G92	G2527	1
G92	G3831	1
G92	G488	1
G92	G684	1
G92	G2637	1
G92	G2707	1
G92	G1950	1
G92	G1730	1
G92	G4344	1
G92	G2321	1
G92	G663	1
G92	G3691	1
G92	G69	1
G92	G1970	1
G92	G1539	1
G92	G3082	1
G92	G1645	1
G92	G4301	1
G92	G410	1
G92	G3074	1
G92	G3952	1
G92	G4072	1
G92	G3940	1
G92	G3554	1
G92	G2316	1
G92	G4252	1
G92	G1365	1
G92	G3192	1
G92	G1562	1
G92	G4369	1
G92	G3981	1
G92	G1997	1
G92	G1468	1
G92	G3830	1
G92	G3309	1
G92	G810	1
G92	G1500	1
G92	G348	1
G92	G3143	1
G92	G1806	1
G92	G1773	1
G92	G4272	1
G92	G2955	1
G92	G3631	1
G92	G2904	1
G92	G2063	1
G92	G1559	1
G92	G338	1
G92	G965	1
G92	G4020	1
G92	G702	1
G92	G3562	1
G92	G847	1
G92	G323	1
G92	G309	1
G92	G4395	1
G92	G1427	1
G92	G4111	1
G92	G3595	1
G92	G3142	1
G92	G4303	1
G92	G2238	1
G92	G2375	1
G92	G3810	1
G92	G3957	1
G92	G3201	1
G92	G4	1
G92	G1532	1
G92	G3044	1
G92	G1029	1
G92	G907	1
G92	G1034	1
G92	G4157	1
G92	G2068	1
G92	G3860	1
G92	G1980	1
G92	G628	1
G92	G3342	1
G92	G3892	1
G92	G3486	1
G92	G417	1
G92	G780	1
G92	G2255	1
G92	G1070	1
G92	G4230	1
G92	G3412	1
G92	G4186	1
G92	G3105	1
G92	G1862	1
G92	G544	1
G92	G3608	1
G92	G925	1
G92	G1771	1
G92	G2806	1
G92	G2825	1
G92	G2837	1
G92	G171	1
G92	G2095	1
G92	G869	1
G92	G4167	1
G92	G3530	1
G92	G2287	1
G92	G85	1
G92	G3440	1
G92	G1280	1
G92	G2553	1
G202	G809	1
G202	G956	1
G147	G826	1
G147	G804	1
G147	G3571	1
G147	G4095	1
G147	G809	1
G147	G956	1
G147	G3715	1
G147	G1614	1
G147	G943	1
G147	G2684	1
G147	G2072	1
G147	G2746	1
G147	G3339	1
G147	G3011	1
G147	G3805	1
G147	G3099	1
G147	G3195	1
G147	G3036	1
G147	G207	1
G147	G784	1
G104	G3982	1
G104	G515	1
G99	G1146	1
G99	G1624	1
G99	G2968	1
G99	G1830	1
G99	G1394	1
G99	G1846	1
G99	G2303	1
G99	G4057	1
G99	G1589	1
G99	G3938	1
G99	G2886	1
G99	G3506	1
G99	G1944	1
G99	G590	1
G99	G2246	1
G99	G1920	1
G99	G4108	1
G99	G906	1
G99	G794	1
G99	G2049	1
G99	G2720	1
G99	G4031	1
G99	G301	1
G99	G2965	1
G99	G2474	1
G99	G3727	1
G99	G3369	1
G99	G3528	1
G99	G548	1
G23	G4243	1
G23	G887	1
G23	G3374	1
G23	G4196	1
G23	G2926	1
G23	G3326	1
G23	G3844	1
G23	G4053	1
G23	G4065	1
G23	G3048	1
G23	G3682	1
G23	G1817	1
G23	G2117	1
G23	G4333	1
G23	G1545	1
G23	G3755	1
G23	G3032	1
G23	G3494	1
G23	G55	1
G23	G7	1
G23	G2044	1
G23	G2763	1
G23	G2024	1
G23	G4415	1
G23	G4296	1
G23	G1323	1
G23	G769	1
G23	G4422	1
G23	G3460	1
G23	G2895	1
G23	G3282	1
G23	G2041	1
G23	G3321	1
G23	G4003	1
G23	G1927	1
G23	G992	1
G23	G2072	1
G23	G2746	1
G23	G3468	1
G23	G2610	1
G23	G2314	1
G23	G4271	1
G23	G2709	1
G23	G254	1
G23	G36	1
G23	G4146	1
G23	G303	1
G23	G4098	1
G23	G480	1
G23	G2773	1
G23	G3367	1
G23	G3205	1
G23	G2479	1
G23	G3879	1
G23	G2732	1
G23	G2877	1
G23	G3140	1
G23	G2097	1
G23	G4300	1
G23	G2505	1
G23	G785	1
G23	G3303	1
G23	G3827	1
G23	G1250	1
G23	G281	1
G23	G183	1
G23	G113	1
G23	G1874	1
G23	G2602	1
G23	G3471	1
G23	G2440	1
G23	G2562	1
G23	G4389	1
G23	G4322	1
G23	G1391	1
G23	G4029	1
G23	G890	1
G23	G400	1
G23	G4447	1
G23	G4356	1
G23	G2031	1
G23	G2515	1
G23	G89	1
G23	G2737	1
G23	G19	1
G23	G3775	1
G23	G1117	1
G23	G1941	1
G23	G4361	1
G23	G2581	1
G23	G3449	1
G23	G1238	1
G23	G1551	1
G23	G443	1
G23	G60	1
G23	G1719	1
G23	G1586	1
G23	G3768	1
G23	G4270	1
G23	G4063	1
G23	G3432	1
G23	G3785	1
G23	G1505	1
G23	G4035	1
G23	G4411	1
G23	G4125	1
G23	G3221	1
G23	G876	1
G23	G3990	1
G23	G2605	1
G23	G3330	1
G23	G3365	1
G23	G1705	1
G23	G1693	1
G23	G4245	1
G23	G3256	1
G23	G3537	1
G23	G3861	1
G23	G2516	1
G23	G3129	1
G23	G2527	1
G23	G3831	1
G23	G488	1
G23	G684	1
G23	G2637	1
G23	G2707	1
G23	G1950	1
G23	G1730	1
G23	G4344	1
G23	G2321	1
G23	G2360	1
G23	G3638	1
G23	G93	1
G23	G3754	1
G23	G1336	1
G23	G1539	1
G23	G3584	1
G23	G2028	1
G23	G3310	1
G23	G1744	1
G23	G4113	1
G23	G1662	1
G23	G2751	1
G23	G1965	1
G23	G900	1
G23	G1997	1
G23	G810	1
G23	G3631	1
G23	G1049	1
G23	G572	1
G23	G3107	1
G23	G4319	1
G23	G2932	1
G23	G3473	1
G23	G3489	1
G23	G2689	1
G23	G4435	1
G23	G1822	1
G23	G999	1
G23	G872	1
G23	G2543	1
G23	G2682	1
G23	G3891	1
G23	G3180	1
G23	G2844	1
G23	G2765	1
G23	G782	1
G23	G1795	1
G23	G3870	1
G23	G285	1
G23	G3983	1
G23	G4360	1
G23	G2000	1
G23	G1658	1
G23	G3769	1
G219	G351	1
G110	G351	1
G219	G3629	1
G110	G3629	1
G219	G3047	1
G110	G3047	1
G219	G2249	1
G110	G2249	1
G219	G3012	1
G110	G3012	1
G219	G2073	1
G110	G2073	1
G219	G3708	1
G110	G3708	1
G219	G2222	1
G110	G2222	1
G219	G2525	1
G110	G2525	1
G219	G2808	1
G110	G2808	1
G219	G431	1
G110	G431	1
G219	G1457	1
G110	G1457	1
G219	G1408	1
G110	G1408	1
G219	G353	1
G110	G353	1
G219	G2723	1
G110	G2723	1
G219	G3252	1
G110	G3252	1
G219	G1847	1
G110	G1847	1
G219	G2450	1
G110	G2450	1
G219	G3385	1
G110	G3385	1
G219	G4194	1
G110	G4194	1
G219	G194	1
G110	G194	1
G219	G1339	1
G110	G1339	1
G219	G413	1
G110	G413	1
G219	G911	1
G110	G911	1
G219	G1903	1
G110	G1903	1
G219	G329	1
G110	G329	1
G219	G884	1
G110	G884	1
G219	G1777	1
G110	G1777	1
G219	G3675	1
G110	G3675	1
G219	G3843	1
G110	G3843	1
G219	G3472	1
G110	G3472	1
G219	G4109	1
G110	G4109	1
G219	G3435	1
G110	G3435	1
G219	G3022	1
G110	G3022	1
G219	G4351	1
G110	G4351	1
G219	G4119	1
G110	G4119	1
G219	G1462	1
G110	G1462	1
G219	G3058	1
G110	G3058	1
G219	G3679	1
G110	G3679	1
G219	G2074	1
G110	G2074	1
G219	G3161	1
G110	G3161	1
G219	G639	1
G110	G639	1
G219	G2871	1
G110	G2871	1
G219	G2327	1
G110	G2327	1
G219	G2773	1
G110	G2773	1
G219	G3367	1
G110	G3367	1
G219	G3205	1
G110	G3205	1
G219	G2293	1
G110	G2293	1
G219	G2292	1
G110	G2292	1
G219	G1330	1
G110	G1330	1
G219	G1415	1
G110	G1415	1
G219	G3506	1
G110	G3506	1
G219	G548	1
G110	G548	1
G219	G2451	1
G110	G2451	1
G219	G2581	1
G110	G2581	1
G219	G4173	1
G110	G4173	1
G219	G3449	1
G110	G3449	1
G219	G3073	1
G110	G3073	1
G219	G678	1
G110	G678	1
G219	G3610	1
G110	G3610	1
G219	G2043	1
G110	G2043	1
G219	G3360	1
G110	G3360	1
G219	G3739	1
G110	G3739	1
G219	G2758	1
G110	G2758	1
G219	G3330	1
G110	G3330	1
G219	G3365	1
G110	G3365	1
G219	G1705	1
G110	G1705	1
G219	G1693	1
G110	G1693	1
G219	G4245	1
G110	G4245	1
G219	G3256	1
G110	G3256	1
G219	G3537	1
G110	G3537	1
G219	G3077	1
G110	G3077	1
G219	G2162	1
G110	G2162	1
G219	G1279	1
G110	G1279	1
G219	G2078	1
G110	G2078	1
G219	G2924	1
G110	G2924	1
G219	G776	1
G110	G776	1
G219	G2837	1
G110	G2837	1
G219	G4377	1
G110	G4377	1
G219	G4346	1
G110	G4346	1
G2327	G3345	1
G2327	G3325	1
G2327	G3160	1
G2327	G150	1
G2327	G1090	1
G2327	G1940	1
G2327	G2244	1
G2327	G219	1
G2327	G110	1
G2327	G4271	1
G2327	G2709	1
G2327	G259	1
G2327	G2929	1
G2327	G3162	1
G2327	G2821	1
G2327	G2668	1
G2327	G302	1
G2327	G3754	1
G2327	G1119	1
G161	G2122	1
G161	G1588	1
G161	G4286	1
G161	G2728	1
G161	G1420	1
G161	G681	1
G305	G1751	1
G305	G2589	1
G305	G4074	1
G305	G63	1
G305	G2763	1
G305	G2024	1
G305	G4415	1
G305	G4296	1
G305	G1323	1
G305	G1091	1
G305	G2983	1
G305	G4367	1
G305	G408	1
G305	G2604	1
G305	G1601	1
G305	G1686	1
G305	G2777	1
G305	G1536	1
G305	G4332	1
G305	G1886	1
G305	G3185	1
G305	G2125	1
G305	G3725	1
G305	G243	1
G305	G246	1
G305	G4390	1
G305	G2974	1
G305	G53	1
G305	G2387	1
G305	G823	1
G305	G2105	1
G305	G2494	1
G305	G1540	1
G305	G1543	1
G305	G2228	1
G305	G945	1
G305	G3702	1
G305	G4005	1
G305	G1061	1
G305	G4170	1
G305	G3333	1
G305	G545	1
G305	G219	1
G305	G110	1
G305	G92	1
G305	G3676	1
G305	G2610	1
G305	G1246	1
G305	G382	1
G305	G2030	1
G305	G369	1
G305	G570	1
G305	G1842	1
G305	G2523	1
G305	G1498	1
G305	G1404	1
G305	G3813	1
G305	G4220	1
G305	G4314	1
G305	G786	1
G305	G2097	1
G305	G610	1
G305	G3989	1
G305	G3389	1
G305	G3067	1
G305	G1502	1
G305	G3722	1
G305	G563	1
G305	G2867	1
G305	G2745	1
G305	G1853	1
G305	G1311	1
G305	G1839	1
G305	G1332	1
G305	G1391	1
G305	G3029	1
G305	G4447	1
G305	G961	1
G305	G84	1
G305	G1814	1
G305	G13	1
G305	G4411	1
G305	G2058	1
G305	G3617	1
G305	G844	1
G305	G4279	1
G305	G593	1
G305	G2818	1
G305	G3258	1
G305	G995	1
G305	G3315	1
G305	G1893	1
G305	G199	1
G305	G4143	1
G305	G634	1
G305	G1997	1
G305	G316	1
G305	G2984	1
G305	G965	1
G305	G4020	1
G305	G702	1
G305	G3562	1
G305	G847	1
G305	G323	1
G305	G309	1
G305	G4303	1
G305	G2238	1
G305	G2375	1
G305	G3810	1
G305	G3329	1
G305	G2265	1
G305	G340	1
G305	G3399	1
G305	G3966	1
G305	G774	1
G305	G1765	1
G305	G4186	1
G305	G1224	1
G305	G1495	1
G305	G1361	1
G305	G1349	1
G305	G1628	1
G305	G2553	1
G259	G2763	1
G259	G2024	1
G259	G4415	1
G259	G4296	1
G259	G1323	1
G259	G1173	1
G259	G4175	1
G259	G4271	1
G259	G2709	1
G259	G188	1
G259	G254	1
G259	G1404	1
G259	G3813	1
G259	G4220	1
G259	G4314	1
G259	G2929	1
G259	G3162	1
G259	G666	1
G259	G2797	1
G259	G4116	1
G259	G244	1
G259	G2821	1
G259	G2668	1
G259	G519	1
G259	G10	1
G259	G1477	1
G259	G1119	1
G259	G2237	1
G274	G2237	1
G259	G4494	1
G274	G4494	1
G259	G469	1
G274	G469	1
G259	G621	1
G274	G621	1
G259	G4312	1
G274	G4312	1
G259	G2314	1
G274	G2314	1
G274	G254	1
G259	G1116	1
G274	G1116	1
G259	G1191	1
G274	G1191	1
G188	G4312	1
G188	G2314	1
G188	G4271	1
G188	G2709	1
G188	G259	1
G188	G254	1
G188	G4453	1
G188	G2929	1
G188	G3162	1
G188	G2821	1
G188	G2668	1
G188	G1116	1
G188	G1119	1
G254	G1751	1
G254	G2533	1
G254	G2160	1
G254	G469	1
G254	G621	1
G254	G4312	1
G254	G2314	1
G254	G4271	1
G254	G2709	1
G254	G259	1
G254	G188	1
G254	G4453	1
G254	G1498	1
G254	G2929	1
G254	G3162	1
G254	G666	1
G254	G281	1
G254	G3400	1
G254	G2821	1
G254	G2668	1
G254	G1474	1
G254	G316	1
G254	G1116	1
G254	G3207	1
G254	G2514	1
G254	G1119	1
G227	G3953	1
G227	G3742	1
G227	G3457	1
G227	G3748	1
G227	G315	1
G227	G3356	1
G227	G2581	1
G227	G4173	1
G227	G3449	1
G315	G3953	1
G315	G3742	1
G315	G3457	1
G315	G3748	1
G315	G227	1
G315	G3356	1
G315	G2581	1
G315	G4173	1
G315	G3449	1
G261	G1530	1
G261	G1768	1
G261	G1792	1
G261	G1080	1
G261	G1062	1
G261	G525	1
G205	G4213	1
G205	G3529	1
G205	G2424	1
G205	G673	1
G36	G3812	1
G36	G1653	1
G36	G2317	1
G36	G1743	1
G36	G2453	1
G58	G2773	1
G58	G3367	1
G58	G3205	1
G58	G3751	1
G58	G3442	1
G58	G2966	1
G58	G2479	1
G58	G3879	1
G58	G2324	1
G107	G2896	1
G107	G879	1
G107	G3730	1
G107	G2775	1
G107	G4305	1
G107	G808	1
G107	G4464	1
G107	G837	1
G107	G311	1
G107	G2913	1
G107	G2799	1
G233	G1331	1
G233	G3383	1
G233	G2789	1
G233	G1835	1
G233	G1937	1
G233	G122	1
G281	G3101	1
G281	G3582	1
G281	G2595	1
G281	G12	1
G281	G319	1
G281	G1928	1
G281	G1817	1
G281	G2117	1
G281	G4333	1
G281	G273	1
G281	G203	1
G281	G469	1
G281	G621	1
G281	G251	1
G281	G2887	1
G281	G4032	1
G281	G3656	1
G281	G2854	1
G281	G4330	1
G281	G151	1
G281	G2154	1
G281	G4323	1
G281	G150	1
G281	G1090	1
G281	G1940	1
G281	G2244	1
G281	G2394	1
G281	G3643	1
G281	G7	1
G281	G3862	1
G281	G659	1
G281	G2404	1
G281	G465	1
G281	G769	1
G281	G817	1
G281	G2331	1
G281	G934	1
G281	G1000	1
G281	G4312	1
G281	G2809	1
G281	G1927	1
G281	G1601	1
G281	G138	1
G281	G2655	1
G281	G1540	1
G281	G2228	1
G281	G3371	1
G281	G1392	1
G281	G2392	1
G281	G4071	1
G281	G454	1
G281	G4329	1
G281	G2217	1
G281	G2559	1
G281	G3825	1
G281	G219	1
G281	G110	1
G281	G329	1
G281	G4175	1
G281	G2327	1
G281	G3676	1
G281	G1458	1
G281	G3431	1
G281	G3475	1
G281	G2314	1
G281	G259	1
G281	G188	1
G281	G254	1
G281	G3953	1
G281	G3742	1
G281	G3457	1
G281	G3356	1
G281	G382	1
G281	G2030	1
G281	G369	1
G281	G570	1
G281	G974	1
G281	G3646	1
G281	G610	1
G281	G3989	1
G281	G3389	1
G281	G3067	1
G281	G1502	1
G281	G3722	1
G281	G563	1
G281	G2867	1
G281	G2745	1
G281	G1853	1
G281	G1311	1
G281	G1839	1
G281	G233	1
G281	G1331	1
G281	G3274	1
G281	G2929	1
G281	G3162	1
G281	G666	1
G281	G96	1
G281	G897	1
G281	G1794	1
G281	G714	1
G281	G813	1
G281	G1250	1
G281	G1969	1
G281	G4019	1
G281	G1190	1
G281	G2629	1
G281	G3522	1
G281	G279	1
G281	G244	1
G281	G3775	1
G281	G1117	1
G281	G2821	1
G281	G2668	1
G281	G2649	1
G281	G493	1
G281	G796	1
G281	G827	1
G281	G3020	1
G281	G2835	1
G281	G2169	1
G281	G264	1
G281	G4125	1
G281	G3221	1
G281	G876	1
G281	G3990	1
G281	G2605	1
G281	G4166	1
G281	G2855	1
G281	G1952	1
G281	G1008	1
G281	G2645	1
G281	G886	1
G281	G10	1
G281	G274	1
G281	G2911	1
G281	G2388	1
G281	G1997	1
G281	G4319	1
G281	G2932	1
G281	G3473	1
G281	G1116	1
G281	G3383	1
G281	G2789	1
G281	G1835	1
G281	G1937	1
G281	G122	1
G281	G4435	1
G281	G331	1
G281	G2924	1
G281	G872	1
G281	G4186	1
G281	G3398	1
G281	G2783	1
G281	G1054	1
G281	G271	1
G281	G2137	1
G281	G4360	1
G281	G1119	1
G281	G1191	1
G281	G1137	1
G281	G1878	1
G1037	G3953	1
G1037	G3742	1
G1037	G3457	1
G1037	G3356	1
G1037	G796	1
G1037	G4229	1
G1037	G883	1
G1037	G724	1
G1037	G1156	1
G48	G3992	1
G48	G1581	1
G48	G3068	1
G48	G3425	1
G48	G1864	1
G96	G219	1
G96	G110	1
G96	G1404	1
G96	G3813	1
G96	G4220	1
G57	G82	1
G82	G57	1
G82	G3775	1
G57	G3775	1
G82	G1117	1
G57	G1117	1
G82	G2388	1
G57	G2388	1
G57	G3805	1
G301	G1624	1
G301	G1944	1
G301	G590	1
G301	G2246	1
G301	G1920	1
G301	G4108	1
G301	G906	1
G301	G794	1
G301	G2049	1
G301	G2720	1
G301	G4031	1
G333	G3200	1
G268	G3200	1
G333	G534	1
G268	G534	1
G333	G3951	1
G268	G3951	1
G333	G887	1
G268	G887	1
G333	G3374	1
G268	G3374	1
G333	G2595	1
G268	G2595	1
G333	G3640	1
G268	G3640	1
G333	G1838	1
G268	G1838	1
G333	G1212	1
G268	G1212	1
G333	G1221	1
G268	G1221	1
G333	G3729	1
G268	G3729	1
G333	G1545	1
G268	G1545	1
G333	G3755	1
G268	G3755	1
G333	G150	1
G268	G150	1
G333	G1090	1
G268	G1090	1
G333	G1940	1
G268	G1940	1
G333	G2244	1
G268	G2244	1
G333	G402	1
G268	G402	1
G333	G769	1
G268	G769	1
G333	G3621	1
G268	G3621	1
G333	G2575	1
G268	G2575	1
G333	G3158	1
G268	G3158	1
G333	G3004	1
G268	G3004	1
G333	G2041	1
G268	G2041	1
G333	G3321	1
G268	G3321	1
G333	G4003	1
G268	G4003	1
G333	G4083	1
G268	G4083	1
G333	G4255	1
G268	G4255	1
G333	G2701	1
G268	G2701	1
G333	G3488	1
G268	G3488	1
G333	G2269	1
G268	G2269	1
G333	G1927	1
G268	G1927	1
G333	G992	1
G268	G992	1
G333	G2641	1
G268	G2641	1
G333	G99	1
G268	G99	1
G333	G3371	1
G268	G3371	1
G333	G1392	1
G268	G1392	1
G333	G2392	1
G268	G2392	1
G333	G4071	1
G268	G4071	1
G333	G4329	1
G268	G4329	1
G333	G2217	1
G268	G2217	1
G333	G2559	1
G268	G2559	1
G333	G3825	1
G268	G3825	1
G333	G23	1
G268	G23	1
G333	G219	1
G268	G219	1
G333	G110	1
G268	G110	1
G333	G329	1
G268	G329	1
G333	G2327	1
G268	G2327	1
G333	G92	1
G268	G92	1
G333	G2666	1
G268	G2666	1
G333	G2699	1
G268	G2699	1
G333	G3994	1
G268	G3994	1
G333	G3812	1
G268	G3812	1
G333	G1653	1
G268	G1653	1
G333	G2317	1
G268	G2317	1
G333	G1743	1
G268	G1743	1
G333	G2453	1
G268	G2453	1
G333	G1520	1
G268	G1520	1
G333	G1290	1
G268	G1290	1
G333	G1776	1
G268	G1776	1
G333	G480	1
G268	G480	1
G333	G2479	1
G268	G2479	1
G333	G3879	1
G268	G3879	1
G333	G3406	1
G268	G3406	1
G333	G1404	1
G268	G1404	1
G333	G3813	1
G268	G3813	1
G333	G4220	1
G268	G4220	1
G333	G3817	1
G268	G3817	1
G333	G419	1
G268	G419	1
G333	G82	1
G268	G82	1
G333	G57	1
G268	G57	1
G333	G3718	1
G268	G3718	1
G333	G3822	1
G268	G3822	1
G333	G2968	1
G268	G2968	1
G333	G1830	1
G268	G1830	1
G333	G1394	1
G268	G1394	1
G333	G1846	1
G268	G1846	1
G333	G2303	1
G268	G2303	1
G333	G4057	1
G268	G4057	1
G333	G1589	1
G268	G1589	1
G333	G3938	1
G268	G3938	1
G333	G2886	1
G268	G2886	1
G333	G2965	1
G268	G2965	1
G333	G2474	1
G268	G2474	1
G333	G3727	1
G268	G3727	1
G333	G3369	1
G268	G3369	1
G333	G3528	1
G268	G3528	1
G333	G3239	1
G268	G3239	1
G268	G333	1
G333	G268	1
G333	G4106	1
G268	G4106	1
G333	G2761	1
G268	G2761	1
G333	G342	1
G268	G342	1
G333	G2470	1
G268	G2470	1
G333	G1019	1
G268	G1019	1
G333	G3662	1
G268	G3662	1
G333	G796	1
G268	G796	1
G333	G4229	1
G268	G4229	1
G333	G4063	1
G268	G4063	1
G333	G3432	1
G268	G3432	1
G333	G3785	1
G268	G3785	1
G333	G1505	1
G268	G1505	1
G333	G4035	1
G268	G4035	1
G333	G4411	1
G268	G4411	1
G333	G4125	1
G268	G4125	1
G333	G3221	1
G268	G3221	1
G333	G876	1
G268	G876	1
G333	G3839	1
G268	G3839	1
G333	G424	1
G268	G424	1
G333	G1395	1
G268	G1395	1
G333	G3330	1
G268	G3330	1
G333	G3365	1
G268	G3365	1
G333	G1705	1
G268	G1705	1
G333	G1693	1
G268	G1693	1
G333	G4245	1
G268	G4245	1
G333	G3256	1
G268	G3256	1
G333	G3537	1
G268	G3537	1
G333	G3861	1
G268	G3861	1
G333	G2516	1
G268	G2516	1
G333	G3129	1
G268	G3129	1
G333	G2527	1
G268	G2527	1
G333	G3831	1
G268	G3831	1
G333	G488	1
G268	G488	1
G333	G684	1
G268	G684	1
G333	G2637	1
G268	G2637	1
G333	G2707	1
G268	G2707	1
G333	G1950	1
G268	G1950	1
G333	G1730	1
G268	G1730	1
G333	G4344	1
G268	G4344	1
G333	G2321	1
G268	G2321	1
G333	G3262	1
G268	G3262	1
G333	G593	1
G268	G593	1
G333	G283	1
G268	G283	1
G333	G93	1
G268	G93	1
G333	G3754	1
G268	G3754	1
G333	G2393	1
G268	G2393	1
G333	G3108	1
G268	G3108	1
G333	G2242	1
G268	G2242	1
G333	G3184	1
G268	G3184	1
G333	G2784	1
G268	G2784	1
G333	G3568	1
G268	G3568	1
G333	G3840	1
G268	G3840	1
G333	G3483	1
G268	G3483	1
G333	G1973	1
G268	G1973	1
G333	G2264	1
G268	G2264	1
G333	G343	1
G268	G343	1
G333	G3650	1
G268	G3650	1
G333	G1539	1
G268	G1539	1
G333	G1645	1
G268	G1645	1
G333	G3074	1
G268	G3074	1
G333	G3952	1
G268	G3952	1
G333	G1008	1
G268	G1008	1
G333	G2645	1
G268	G2645	1
G333	G886	1
G268	G886	1
G333	G3971	1
G268	G3971	1
G333	G77	1
G268	G77	1
G333	G306	1
G268	G306	1
G333	G1525	1
G268	G1525	1
G333	G2782	1
G268	G2782	1
G333	G2120	1
G268	G2120	1
G333	G4072	1
G268	G4072	1
G333	G3940	1
G268	G3940	1
G333	G3554	1
G268	G3554	1
G333	G2316	1
G268	G2316	1
G333	G27	1
G268	G27	1
G333	G204	1
G268	G204	1
G333	G1781	1
G268	G1781	1
G333	G295	1
G268	G295	1
G333	G52	1
G268	G52	1
G333	G2868	1
G268	G2868	1
G333	G2124	1
G268	G2124	1
G333	G4004	1
G268	G4004	1
G333	G4469	1
G268	G4469	1
G333	G1996	1
G268	G1996	1
G333	G847	1
G268	G847	1
G333	G4382	1
G268	G4382	1
G333	G2689	1
G268	G2689	1
G333	G4395	1
G268	G4395	1
G333	G1427	1
G268	G1427	1
G333	G4111	1
G268	G4111	1
G333	G3595	1
G268	G3595	1
G333	G3142	1
G268	G3142	1
G333	G4303	1
G268	G4303	1
G333	G2238	1
G268	G2238	1
G333	G2375	1
G268	G2375	1
G333	G3810	1
G268	G3810	1
G333	G3329	1
G268	G3329	1
G333	G2265	1
G268	G2265	1
G333	G340	1
G268	G340	1
G333	G3399	1
G268	G3399	1
G333	G3966	1
G268	G3966	1
G333	G774	1
G268	G774	1
G333	G2924	1
G268	G2924	1
G333	G4	1
G268	G4	1
G333	G1532	1
G268	G1532	1
G333	G3044	1
G268	G3044	1
G333	G1029	1
G268	G1029	1
G333	G907	1
G268	G907	1
G333	G1034	1
G268	G1034	1
G333	G4157	1
G268	G4157	1
G333	G1156	1
G268	G1156	1
G333	G1980	1
G268	G1980	1
G333	G628	1
G268	G628	1
G333	G3307	1
G268	G3307	1
G333	G2574	1
G268	G2574	1
G333	G2500	1
G268	G2500	1
G333	G492	1
G268	G492	1
G333	G2141	1
G268	G2141	1
G333	G1355	1
G268	G1355	1
G333	G4275	1
G268	G4275	1
G333	G784	1
G268	G784	1
G333	G2866	1
G268	G2866	1
G333	G171	1
G268	G171	1
G333	G247	1
G268	G247	1
G333	G2995	1
G268	G2995	1
G333	G4151	1
G268	G4151	1
G333	G3127	1
G268	G3127	1
G333	G1557	1
G268	G1557	1
G333	G392	1
G268	G392	1
G333	G1664	1
G268	G1664	1
G333	G1371	1
G268	G1371	1
G333	G3579	1
G268	G3579	1
G333	G2940	1
G268	G2940	1
G333	G1658	1
G268	G1658	1
G207	G3200	1
G207	G534	1
G207	G3951	1
G311	G3730	1
G311	G4305	1
G311	G808	1
G311	G4464	1
G311	G837	1
G311	G2913	1
G119	G1027	1
G116	G1307	1
G116	G1874	1
G116	G2602	1
G116	G3471	1
G116	G2440	1
G116	G2562	1
G116	G4389	1
G116	G1284	1
G116	G2990	1
G116	G4206	1
G116	G3073	1
G116	G678	1
G116	G3610	1
G116	G2043	1
G116	G3360	1
G116	G3739	1
G116	G2758	1
G116	G2799	1
G116	G2058	1
G116	G3617	1
G116	G844	1
G116	G4279	1
G116	G2459	1
G116	G3329	1
G116	G2265	1
G116	G340	1
G116	G3399	1
G116	G3966	1
G116	G774	1
G116	G1186	1
G121	G2896	1
G121	G879	1
G109	G3695	1
G109	G3248	1
G109	G4180	1
G109	G2860	1
G76	G1190	1
G76	G2629	1
G76	G3522	1
G279	G1817	1
G279	G2117	1
G279	G4333	1
G279	G273	1
G279	G251	1
G279	G3922	1
G279	G3622	1
G279	G3806	1
G279	G2845	1
G279	G601	1
G279	G1959	1
G279	G1878	1
G73	G1213	1
G73	G674	1
G73	G878	1
G73	G1866	1
G73	G1932	1
G73	G1554	1
G73	G931	1
G73	G3531	1
G73	G4431	1
G73	G1904	1
G73	G1566	1
G73	G3230	1
G73	G490	1
G73	G532	1
G73	G2234	1
G73	G3772	1
G73	G3688	1
G73	G1450	1
G73	G3237	1
G73	G1414	1
G73	G556	1
G73	G1529	1
G73	G2567	1
G73	G1612	1
G73	G3978	1
G73	G2406	1
G73	G644	1
G73	G2381	1
G73	G3344	1
G73	G4027	1
G73	G3194	1
G73	G2421	1
G73	G4404	1
G73	G2846	1
G73	G839	1
G73	G201	1
G73	G1138	1
G73	G1170	1
G73	G912	1
G73	G2487	1
G73	G3373	1
G73	G2884	1
G73	G926	1
G73	G4082	1
G73	G2325	1
G73	G3800	1
G73	G2469	1
G73	G450	1
G73	G1272	1
G73	G966	1
G73	G862	1
G73	G2348	1
G73	G888	1
G73	G2332	1
G73	G1725	1
G73	G1124	1
G73	G476	1
G73	G4495	1
G73	G4056	1
G187	G2989	1
G187	G1195	1
G22	G454	1
G22	G219	1
G22	G110	1
G22	G279	1
G244	G4196	1
G244	G896	1
G244	G4107	1
G244	G3484	1
G244	G2139	1
G244	G469	1
G244	G621	1
G244	G2394	1
G244	G2340	1
G244	G2897	1
G244	G3371	1
G244	G2392	1
G244	G4071	1
G244	G454	1
G244	G4329	1
G244	G2217	1
G244	G2559	1
G244	G3825	1
G244	G1458	1
G244	G3431	1
G244	G3475	1
G244	G3529	1
G244	G2424	1
G244	G673	1
G244	G1404	1
G244	G3813	1
G244	G4220	1
G244	G2929	1
G244	G3162	1
G244	G4106	1
G244	G2761	1
G244	G342	1
G244	G2470	1
G244	G1969	1
G244	G4019	1
G244	G1019	1
G244	G3662	1
G244	G2893	1
G244	G523	1
G244	G619	1
G244	G1087	1
G244	G1990	1
G244	G650	1
G244	G3144	1
G244	G4117	1
G244	G564	1
G244	G600	1
G244	G145	1
G244	G796	1
G244	G3262	1
G244	G2818	1
G244	G3258	1
G244	G995	1
G244	G3315	1
G244	G1893	1
G244	G1952	1
G244	G3754	1
G244	G572	1
G244	G3107	1
G244	G4319	1
G244	G2932	1
G244	G3473	1
G244	G2536	1
G244	G1616	1
G244	G2225	1
G244	G4435	1
G244	G331	1
G244	G1308	1
G244	G872	1
G244	G171	1
G244	G1119	1
G244	G971	1
G95	G2724	1
G95	G4335	1
G95	G1704	1
G95	G4100	1
G95	G539	1
G95	G3415	1
G95	G3681	1
G95	G3254	1
G317	G2203	1
G269	G1499	1
G269	G4149	1
G145	G3828	1
G145	G4356	1
G145	G2031	1
G145	G2515	1
G145	G1051	1
G145	G3031	1
G145	G2423	1
G145	G4168	1
G145	G937	1
G145	G881	1
G89	G3906	1
G89	G433	1
G89	G1266	1
G89	G936	1
G89	G4312	1
G89	G946	1
G89	G1246	1
G89	G2929	1
G89	G3162	1
G89	G2768	1
G89	G2737	1
G89	G19	1
G89	G796	1
G89	G4317	1
G89	G3543	1
G89	G972	1
G89	G410	1
G89	G2840	1
G89	G1079	1
G89	G519	1
G89	G280	1
G89	G574	1
G89	G210	1
G89	G1116	1
G89	G847	1
G89	G3818	1
G89	G3670	1
G89	G1654	1
G89	G589	1
G89	G3911	1
G89	G2616	1
G89	G2278	1
G89	G2820	1
G89	G1119	1
G89	G3030	1
G89	G2553	1
G19	G89	1
G19	G2737	1
G131	G219	1
G131	G110	1
G131	G329	1
G131	G4175	1
G131	G2327	1
G131	G2924	1
G3775	G1117	1
G3775	G1941	1
G1117	G3775	1
G1117	G1941	1
G41	G2617	1
G41	G3398	1
G41	G2783	1
G41	G1054	1
G167	G1398	1
G167	G1133	1
G84	G1650	1
G84	G658	1
G84	G3331	1
G84	G1906	1
G84	G2191	1
G84	G2678	1
G84	G700	1
G84	G4476	1
G84	G2276	1
G84	G2196	1
G84	G3596	1
G84	G2936	1
G84	G1647	1
G84	G8	1
G84	G2685	1
G8	G853	1
G8	G1332	1
G8	G700	1
G8	G961	1
G178	G1177	1
G178	G1974	1
G178	G4101	1
G178	G3155	1
G178	G1871	1
G178	G1962	1
G176	G3296	1
G176	G145	1
G176	G3233	1
G176	G2121	1
G176	G3766	1
G176	G1662	1
G176	G2446	1
G176	G1778	1
G176	G4133	1
G302	G251	1
G302	G150	1
G302	G1090	1
G302	G1940	1
G302	G2244	1
G302	G1454	1
G302	G3677	1
G302	G3420	1
G302	G1346	1
G51	G4191	1
G51	G2542	1
G168	G1927	1
G168	G1814	1
G168	G1648	1
G255	G351	1
G255	G3629	1
G255	G3047	1
G255	G2249	1
G255	G3012	1
G255	G2073	1
G255	G3708	1
G255	G2222	1
G255	G4422	1
G255	G3460	1
G255	G2895	1
G255	G3282	1
G255	G2041	1
G255	G3321	1
G255	G4003	1
G255	G2968	1
G255	G1830	1
G255	G1394	1
G255	G1846	1
G255	G2303	1
G255	G4057	1
G255	G1589	1
G255	G3938	1
G255	G2886	1
G255	G592	1
G255	G4374	1
G255	G857	1
G255	G2130	1
G255	G3798	1
G255	G425	1
G255	G398	1
G255	G2730	1
G255	G3073	1
G255	G678	1
G255	G3610	1
G255	G2043	1
G255	G3360	1
G255	G3739	1
G255	G2758	1
G255	G192	1
G255	G2781	1
G255	G2818	1
G255	G3258	1
G255	G995	1
G255	G3315	1
G255	G1893	1
G278	G433	1
G278	G1266	1
G278	G2532	1
G278	G3998	1
G278	G3839	1
G3848	G150	1
G3848	G1090	1
G3848	G1940	1
G3848	G2244	1
G3848	G3862	1
G3848	G163	1
G3848	G316	1
G4202	G674	1
G4202	G1566	1
G4202	G3230	1
G4202	G532	1
G4202	G2234	1
G4202	G3772	1
G4202	G3688	1
G4202	G1414	1
G4202	G1668	1
G4202	G556	1
G4202	G1529	1
G4202	G2567	1
G4202	G1612	1
G4202	G3978	1
G4202	G2406	1
G13	G241	1
G13	G3497	1
G13	G1434	1
G13	G104	1
G13	G1458	1
G13	G3431	1
G13	G3475	1
G13	G1842	1
G13	G1404	1
G13	G3813	1
G13	G4220	1
G13	G1668	1
G13	G1925	1
G13	G4235	1
G13	G1616	1
G13	G3167	1
G13	G997	1
G13	G1424	1
G13	G4091	1
G127	G2199	1
G127	G1161	1
G127	G1603	1
G127	G2711	1
G260	G2157	1
G260	G691	1
G260	G3470	1
G260	G4327	1
G260	G970	1
G260	G128	1
G260	G2908	1
G260	G72	1
G260	G3851	1
G260	G2650	1
G260	G3296	1
G260	G931	1
G260	G4390	1
G260	G2974	1
G260	G53	1
G260	G1392	1
G260	G3748	1
G260	G1494	1
G260	G1322	1
G260	G3233	1
G260	G2121	1
G260	G3766	1
G260	G2330	1
G260	G4145	1
G260	G3896	1
G260	G2916	1
G260	G2805	1
G260	G2446	1
G260	G1778	1
G260	G3919	1
G260	G190	1
G260	G2848	1
G260	G2137	1
G74	G1392	1
G74	G1719	1
G74	G2916	1
G74	G1586	1
G74	G3768	1
G74	G2805	1
G74	G4270	1
G74	G2000	1
G74	G3125	1
G74	G484	1
G192	G4196	1
G192	G1844	1
G192	G151	1
G192	G351	1
G192	G3629	1
G192	G3047	1
G192	G2249	1
G192	G3012	1
G192	G2073	1
G192	G3708	1
G192	G2222	1
G192	G2282	1
G192	G1104	1
G192	G2922	1
G192	G1877	1
G192	G4222	1
G192	G3086	1
G192	G1682	1
G192	G2436	1
G192	G769	1
G192	G2135	1
G192	G1145	1
G192	G83	1
G192	G855	1
G192	G2041	1
G192	G3321	1
G192	G4003	1
G192	G1595	1
G192	G300	1
G192	G745	1
G192	G1146	1
G192	G3380	1
G192	G2832	1
G192	G3731	1
G192	G2666	1
G192	G1631	1
G192	G2754	1
G192	G4058	1
G192	G3561	1
G192	G2610	1
G192	G864	1
G192	G3021	1
G192	G1874	1
G192	G2602	1
G192	G3471	1
G192	G2440	1
G192	G2562	1
G192	G4389	1
G192	G3597	1
G192	G3263	1
G192	G3341	1
G192	G3605	1
G192	G740	1
G192	G580	1
G192	G1573	1
G192	G4380	1
G192	G2187	1
G192	G3447	1
G192	G3073	1
G192	G678	1
G192	G3610	1
G192	G2043	1
G192	G3360	1
G192	G3739	1
G192	G2758	1
G192	G4063	1
G192	G3432	1
G192	G3785	1
G192	G1505	1
G192	G4035	1
G192	G3586	1
G192	G1047	1
G192	G688	1
G192	G4251	1
G192	G2626	1
G192	G2	1
G192	G4125	1
G192	G3221	1
G192	G876	1
G192	G424	1
G192	G1395	1
G192	G3330	1
G192	G3365	1
G192	G1705	1
G192	G1693	1
G192	G4245	1
G192	G3256	1
G192	G3537	1
G192	G3861	1
G192	G2516	1
G192	G3129	1
G192	G2527	1
G192	G3831	1
G192	G488	1
G192	G684	1
G192	G2637	1
G192	G2707	1
G192	G1950	1
G192	G1730	1
G192	G4344	1
G192	G2321	1
G192	G3638	1
G192	G663	1
G192	G1539	1
G192	G410	1
G192	G1772	1
G192	G3266	1
G192	G3609	1
G192	G1980	1
G192	G628	1
G192	G2137	1
G192	G544	1
G192	G3608	1
G192	G925	1
G192	G1771	1
G192	G2806	1
G192	G2825	1
G192	G3983	1
G192	G869	1
G192	G4167	1
G192	G3530	1
G192	G2287	1
G192	G3769	1
G192	G1280	1
G220	G351	1
G220	G3629	1
G220	G3047	1
G220	G2249	1
G220	G3012	1
G220	G2073	1
G220	G3708	1
G220	G2222	1
G220	G769	1
G220	G1146	1
G220	G3380	1
G220	G2832	1
G220	G3731	1
G220	G864	1
G220	G3021	1
G220	G1874	1
G220	G2602	1
G220	G3471	1
G220	G2440	1
G220	G2562	1
G220	G4389	1
G220	G3073	1
G220	G678	1
G220	G3610	1
G220	G2043	1
G220	G3360	1
G220	G3739	1
G220	G2758	1
G220	G4125	1
G220	G3221	1
G220	G876	1
G220	G424	1
G220	G1395	1
G220	G3330	1
G220	G3365	1
G220	G1705	1
G220	G1693	1
G220	G4245	1
G220	G3256	1
G220	G3537	1
G220	G410	1
G220	G2137	1
G220	G544	1
G220	G3608	1
G220	G925	1
G220	G1771	1
G220	G2806	1
G220	G2825	1
G220	G3983	1
G220	G3769	1
G220	G1280	1
G6	G2528	1
G6	G1101	1
G264	G2169	1
G264	G1952	1
G264	G4354	1
G264	G923	1
G264	G1461	1
G264	G1188	1
G2	G3586	1
G2	G1047	1
G2	G688	1
G2	G4251	1
G2	G2626	1
G174	G424	1
G174	G1395	1
G172	G3990	1
G172	G2605	1
G172	G4166	1
G172	G2058	1
G172	G3617	1
G172	G2855	1
G172	G844	1
G172	G4279	1
G172	G4360	1
G208	G3459	1
G208	G3466	1
G208	G2964	1
G208	G3467	1
G208	G157	1
G208	G3982	1
G208	G104	1
G208	G99	1
G208	G329	1
G208	G2327	1
G208	G1577	1
G208	G864	1
G208	G3021	1
G208	G1332	1
G208	G2968	1
G208	G1830	1
G208	G1394	1
G208	G1846	1
G208	G2303	1
G208	G4057	1
G208	G1589	1
G208	G3938	1
G208	G2886	1
G208	G2965	1
G208	G2474	1
G208	G3727	1
G208	G3369	1
G208	G3528	1
G208	G333	1
G208	G3063	1
G208	G244	1
G208	G1312	1
G208	G4411	1
G208	G174	1
G208	G3330	1
G208	G3365	1
G208	G1705	1
G208	G1693	1
G208	G4245	1
G208	G3256	1
G208	G3537	1
G208	G3082	1
G208	G4219	1
G208	G577	1
G208	G410	1
G208	G2213	1
G208	G4059	1
G208	G1976	1
G208	G1700	1
G208	G814	1
G208	G3143	1
G208	G3941	1
G208	G3438	1
G208	G4382	1
G208	G3329	1
G208	G2265	1
G208	G340	1
G208	G3399	1
G208	G3966	1
G208	G774	1
G208	G4445	1
G208	G2924	1
G208	G816	1
G208	G3210	1
G208	G2346	1
G208	G3965	1
G208	G2692	1
G208	G1796	1
G208	G3734	1
G208	G2700	1
G208	G2032	1
G208	G3983	1
G208	G2095	1
G208	G3769	1
G208	G1280	1
G283	G203	1
G283	G150	1
G283	G1090	1
G283	G1940	1
G283	G2244	1
G283	G1673	1
G283	G4402	1
G283	G3036	1
G283	G219	1
G283	G110	1
G283	G796	1
G283	G3839	1
G283	G3262	1
G283	G593	1
G283	G889	1
G283	G3550	1
G283	G4354	1
G283	G923	1
G283	G1461	1
G283	G1188	1
G283	G2689	1
G235	G1650	1
G235	G658	1
G235	G2741	1
G235	G1927	1
G235	G718	1
G235	G3333	1
G235	G3498	1
G235	G305	1
G235	G1526	1
G235	G3956	1
G235	G1230	1
G235	G864	1
G235	G3021	1
G235	G4076	1
G235	G2136	1
G235	G3029	1
G235	G1814	1
G235	G3543	1
G235	G930	1
G235	G410	1
G235	G574	1
G235	G3329	1
G235	G2265	1
G235	G340	1
G235	G3399	1
G235	G3966	1
G235	G774	1
G235	G3245	1
G235	G1020	1
G235	G2566	1
G235	G1033	1
G235	G3911	1
G235	G2616	1
G235	G675	1
G175	G2393	1
G175	G3108	1
G175	G2242	1
G175	G3184	1
G175	G2784	1
G175	G3568	1
G175	G3840	1
G175	G3483	1
G175	G1973	1
G175	G2264	1
G175	G343	1
G175	G2391	1
G175	G3650	1
G69	G3459	1
G69	G3466	1
G69	G2763	1
G69	G2024	1
G69	G4415	1
G69	G4296	1
G69	G1323	1
G69	G674	1
G69	G4332	1
G69	G1886	1
G69	G3185	1
G69	G2125	1
G69	G3725	1
G69	G1566	1
G69	G3230	1
G69	G532	1
G69	G2234	1
G69	G3772	1
G69	G3688	1
G69	G3812	1
G69	G1653	1
G69	G2317	1
G69	G1743	1
G69	G2453	1
G69	G2097	1
G69	G2794	1
G69	G3153	1
G69	G4447	1
G69	G1414	1
G69	G556	1
G69	G4202	1
G69	G1529	1
G69	G2567	1
G69	G1612	1
G69	G3978	1
G69	G2406	1
G69	G4411	1
G69	G3976	1
G179	G1545	1
G179	G3755	1
G66	G2237	1
G66	G608	1
G66	G232	1
G66	G1928	1
G66	G282	1
G66	G1954	1
G66	G4276	1
G66	G418	1
G66	G2657	1
G66	G120	1
G66	G2008	1
G66	G2896	1
G66	G104	1
G66	G188	1
G66	G254	1
G66	G4189	1
G66	G593	1
G66	G3642	1
G66	G2145	1
G66	G2003	1
G66	G321	1
G66	G3782	1
G66	G924	1
G66	G1281	1
G66	G1813	1
G66	G2815	1
G66	G1734	1
G66	G4341	1
G66	G2621	1
G66	G3658	1
G66	G3416	1
G66	G1564	1
G66	G561	1
G66	G3835	1
G66	G665	1
G66	G1905	1
G66	G1645	1
G66	G520	1
G66	G160	1
G66	G2795	1
G66	G3366	1
G66	G4072	1
G66	G3940	1
G66	G3554	1
G66	G2316	1
G66	G1273	1
G66	G1738	1
G66	G2339	1
G66	G1340	1
G66	G3189	1
G66	G1827	1
G66	G4016	1
G66	G4460	1
G66	G191	1
G66	G2767	1
G66	G1666	1
G66	G322	1
G66	G1769	1
G125	G433	1
G125	G1266	1
G125	G363	1
G125	G3668	1
G125	G140	1
G125	G3004	1
G125	G3036	1
G125	G259	1
G125	G188	1
G125	G4385	1
G125	G452	1
G125	G2252	1
G125	G3076	1
G125	G3499	1
G125	G2929	1
G125	G3162	1
G125	G666	1
G125	G2794	1
G125	G937	1
G125	G2191	1
G125	G3596	1
G125	G3961	1
G125	G1097	1
G125	G2330	1
G125	G2726	1
G125	G1936	1
G125	G665	1
G125	G4400	1
G125	G947	1
G125	G209	1
G125	G2123	1
G125	G1485	1
G125	G4397	1
G125	G1282	1
G125	G1326	1
G125	G4283	1
G125	G1057	1
G125	G2796	1
G125	G1982	1
G125	G2014	1
G125	G3818	1
G125	G189	1
G125	G2756	1
G125	G271	1
G125	G2137	1
G125	G2278	1
G125	G2820	1
G125	G1119	1
G125	G4209	1
G160	G1767	1
G160	G3336	1
G160	G2708	1
G160	G4174	1
G142	G3971	1
G142	G77	1
G142	G306	1
G142	G1525	1
G142	G2782	1
G142	G2120	1
G199	G1545	1
G199	G3755	1
G199	G3497	1
G199	G1434	1
G199	G2619	1
G199	G3529	1
G199	G2424	1
G199	G673	1
G199	G1328	1
G199	G853	1
G199	G4300	1
G199	G2505	1
G199	G657	1
G199	G1560	1
G199	G519	1
G199	G3414	1
G199	G4040	1
G199	G4400	1
G199	G2054	1
G199	G4488	1
G199	G947	1
G199	G3894	1
G199	G1222	1
G199	G4252	1
G199	G1365	1
G199	G4143	1
G199	G2751	1
G199	G459	1
G199	G1403	1
G199	G4096	1
G280	G1702	1
G79	G3192	1
G79	G799	1
G79	G4277	1
G79	G2779	1
G79	G4506	1
G79	G1562	1
G249	G104	1
G249	G219	1
G249	G110	1
G249	G3545	1
G25	G360	1
G25	G4400	1
G25	G947	1
G25	G2822	1
G25	G3619	1
G25	G1324	1
G25	G3323	1
G25	G3316	1
G289	G634	1
G10	G150	1
G274	G150	1
G10	G1090	1
G274	G1090	1
G10	G1940	1
G274	G1940	1
G10	G2244	1
G274	G2244	1
G10	G219	1
G274	G219	1
G10	G110	1
G274	G110	1
G274	G10	1
G10	G1712	1
G274	G1712	1
G10	G538	1
G274	G538	1
G10	G2133	1
G274	G2133	1
G10	G449	1
G274	G449	1
G10	G1775	1
G274	G1775	1
G10	G1664	1
G274	G1664	1
G10	G1371	1
G274	G1371	1
G10	G3579	1
G274	G3579	1
G10	G2940	1
G274	G2940	1
G274	G1708	1
G274	G1566	1
G274	G3688	1
G274	G4271	1
G274	G2709	1
G274	G4453	1
G274	G2929	1
G274	G3162	1
G274	G666	1
G274	G932	1
G274	G1585	1
G274	G1952	1
G274	G1657	1
G274	G27	1
G274	G3199	1
G274	G1781	1
G274	G295	1
G274	G52	1
G274	G1982	1
G274	G2689	1
G274	G271	1
G274	G2137	1
G274	G1119	1
G274	G1817	1
G273	G1817	1
G274	G2117	1
G273	G2117	1
G274	G4333	1
G273	G4333	1
G274	G279	1
G273	G279	1
G274	G182	1
G273	G182	1
G274	G506	1
G273	G506	1
G274	G1798	1
G273	G1798	1
G274	G158	1
G273	G158	1
G274	G1655	1
G273	G1655	1
G274	G2481	1
G273	G2481	1
G274	G1960	1
G273	G1960	1
G274	G1607	1
G273	G1607	1
G274	G3872	1
G273	G3872	1
G274	G3683	1
G273	G3683	1
G274	G412	1
G273	G412	1
G332	G3423	1
G332	G284	1
G284	G3423	1
G284	G332	1
G106	G236	1
G236	G3156	1
G236	G2319	1
G236	G3544	1
G236	G106	1
G236	G1868	1
G210	G3906	1
G210	G433	1
G210	G1266	1
G210	G936	1
G210	G4494	1
G210	G1246	1
G210	G2768	1
G210	G89	1
G210	G2737	1
G210	G19	1
G210	G796	1
G210	G571	1
G210	G4317	1
G210	G3543	1
G210	G972	1
G210	G574	1
G210	G847	1
G210	G3818	1
G210	G3911	1
G210	G2616	1
G210	G2278	1
G210	G2820	1
G210	G2553	1
G209	G1928	1
G209	G150	1
G209	G1090	1
G209	G1940	1
G209	G2244	1
G209	G4063	1
G209	G3432	1
G209	G3785	1
G209	G1505	1
G209	G593	1
G37	G2868	1
G37	G2124	1
G224	G1545	1
G224	G3755	1
G224	G823	1
G224	G188	1
G224	G254	1
G224	G2528	1
G224	G1101	1
G224	G6	1
G224	G1485	1
G224	G4397	1
G224	G1282	1
G224	G1326	1
G224	G4283	1
G224	G1057	1
G224	G2796	1
G31	G1566	1
G31	G2234	1
G31	G3688	1
G31	G188	1
G31	G1155	1
G61	G4437	1
G61	G3008	1
G61	G3278	1
G61	G3955	1
G61	G2497	1
G61	G1636	1
G326	G243	1
G326	G246	1
G326	G610	1
G326	G3989	1
G326	G3389	1
G326	G3067	1
G326	G1502	1
G326	G3722	1
G326	G563	1
G326	G2867	1
G326	G2745	1
G326	G1853	1
G326	G1311	1
G326	G1839	1
G326	G1250	1
G326	G279	1
G326	G2393	1
G326	G3108	1
G326	G2242	1
G326	G3184	1
G326	G2784	1
G326	G3568	1
G326	G3840	1
G326	G3483	1
G326	G1973	1
G326	G2264	1
G326	G343	1
G323	G1246	1
G323	G309	1
G309	G3906	1
G309	G433	1
G309	G1266	1
G309	G936	1
G309	G1736	1
G309	G2921	1
G309	G946	1
G309	G1246	1
G309	G305	1
G309	G2768	1
G309	G89	1
G309	G2737	1
G309	G19	1
G309	G796	1
G309	G4317	1
G309	G3543	1
G309	G972	1
G309	G1833	1
G309	G1837	1
G309	G410	1
G309	G2840	1
G309	G1079	1
G309	G1662	1
G309	G4265	1
G309	G574	1
G309	G210	1
G309	G847	1
G309	G3818	1
G309	G1020	1
G309	G3670	1
G309	G1654	1
G309	G3911	1
G309	G2616	1
G309	G4217	1
G309	G2278	1
G309	G2820	1
G309	G2553	1
G122	G233	1
G122	G1331	1
G122	G3383	1
G122	G2789	1
G122	G1835	1
G122	G1937	1
G331	G1817	1
G331	G2117	1
G331	G4333	1
G331	G279	1
G331	G4435	1
G4	G1532	1
G4	G3044	1
G4	G1029	1
G4	G907	1
G4	G1034	1
G4	G4157	1
G56	G4	1
G56	G1532	1
G56	G3044	1
G56	G1029	1
G56	G907	1
G56	G1034	1
G56	G4157	1
G166	G2314	1
G166	G254	1
G166	G2929	1
G166	G3162	1
G166	G1891	1
G166	G1036	1
G166	G495	1
G166	G1772	1
G166	G3266	1
G166	G3609	1
G166	G1119	1
G189	G4134	1
G189	G4047	1
G118	G2859	1
G118	G565	1
G118	G1963	1
G118	G4229	1
G118	G1492	1
G118	G2318	1
G118	G482	1
G118	G4505	1
G118	G4456	1
G118	G2613	1
G118	G792	1
G135	G1397	1
G135	G2198	1
G135	G3969	1
G170	G3927	1
G170	G4246	1
G170	G565	1
G170	G1963	1
G170	G4086	1
G170	G2699	1
G170	G4229	1
G170	G3175	1
G170	G3253	1
G170	G1156	1
G170	G792	1
G68	G1643	1
G32	G704	1
G32	G903	1
G32	G2448	1
G221	G3307	1
G221	G2574	1
G221	G2500	1
G221	G492	1
G221	G2141	1
G221	G1355	1
G221	G4275	1
G862	G402	1
G862	G2804	1
G862	G42	1
G862	G1643	1
G862	G2137	1
G253	G115	1
G253	G1526	1
G253	G704	1
G253	G903	1
G253	G2448	1
G253	G2566	1
G253	G1033	1
G148	G2326	1
G148	G3427	1
G285	G11	1
G285	G3659	1
G285	G3546	1
G285	G782	1
G285	G1795	1
G285	G3870	1
G271	G1639	1
G271	G3814	1
G271	G1063	1
G271	G4312	1
G271	G259	1
G271	G188	1
G271	G1874	1
G271	G2602	1
G271	G3471	1
G271	G2440	1
G271	G2562	1
G271	G4389	1
G271	G2821	1
G271	G2668	1
G271	G1982	1
G271	G1116	1
G271	G2772	1
G271	G524	1
G216	G299	1
G299	G216	1
G112	G2291	1
G247	G4004	1
G247	G4469	1
G247	G1996	1
G247	G2995	1
G247	G4151	1
G247	G3127	1
G247	G1557	1
G247	G392	1
G1878	G219	1
G1878	G110	1
G1878	G458	1
G1878	G3262	1
G1878	G1412	1
G1878	G4391	1
G1878	G3378	1
G1878	G893	1
G173	G2193	1
G14	G4381	1
G14	G3235	1
G85	G1628	1
G162	G1444	1
G101	G4127	1
G101	G1538	1
G328	G2377	1
G328	G969	1
G328	G1255	1
G328	G3095	1
G328	G1512	1
G12	G188	1
G313	G4504	1
G313	G1145	1
G313	G188	1
G313	G2668	1
G313	G2821	1
G313	G4205	1
G313	G69	1
G313	G782	1
G313	G1795	1
G313	G3870	1
G232	G2523	1
G232	G1297	1
G223	G2747	1
G55	G855	1
G55	G1736	1
G55	G1020	1
G55	G188	1
G55	G2538	1
G55	G3499	1
G55	G452	1
G55	G107	1
G55	G68	1
G55	G584	1
G55	G4141	1
G55	G4137	1
G55	G3589	1
G55	G4407	1
G55	G635	1
G55	G4205	1
G55	G1941	1
G55	G1509	1
G55	G1227	1
G55	G2329	1
G55	G656	1
G55	G1638	1
G55	G4102	1
G55	G4089	1
G86	G3476	1
G86	G4295	1
G86	G2934	1
G86	G2587	1
G86	G4183	1
G86	G1487	1
G86	G3558	1
G86	G3661	1
G282	G864	1
G282	G2663	1
G282	G3021	1
G282	G3502	1
G282	G3506	1
G282	G3268	1
G72	G3851	1
G72	G2908	1
G72	G2339	1
G150	G2525	1
G140	G329	1
G140	G2327	1
G277	G3589	1
G277	G4407	1
G277	G635	1
G152	G3589	1
G152	G4407	1
G152	G635	1
G92	G4504	1
G92	G3075	1
G92	G2742	1
G92	G2663	1
G92	G3502	1
G92	G2965	1
G92	G3625	1
G92	G1297	1
G92	G2346	1
G92	G577	1
G92	G4219	1
G92	G333	1
G92	G3063	1
G92	G3941	1
G147	G1209	1
G147	G3566	1
G147	G3193	1
G147	G4088	1
G147	G1763	1
G23	G4383	1
G23	G647	1
G23	G689	1
G23	G1708	1
G23	G1145	1
G23	G2666	1
G23	G188	1
G23	G369	1
G23	G570	1
G23	G382	1
G23	G2030	1
G23	G1290	1
G23	G1776	1
G23	G2576	1
G23	G4173	1
G23	G3459	1
G23	G69	1
G23	G3466	1
G23	G2388	1
G219	G439	1
G110	G439	1
G305	G1145	1
G305	G1736	1
G305	G1020	1
G305	G521	1
G305	G3625	1
G305	G1297	1
G305	G4205	1
G305	G3459	1
G305	G69	1
G305	G3466	1
G259	G3476	1
G259	G4295	1
G259	G2934	1
G259	G2587	1
G274	G188	1
G254	G3137	1
G254	G1275	1
G254	G4205	1
G281	G2747	1
G281	G1941	1
G281	G1982	1
G82	G1941	1
G57	G1941	1
G333	G1708	1
G268	G1708	1
G333	G2241	1
G333	G1192	1
G268	G2241	1
G268	G1192	1
G333	G1351	1
G268	G1351	1
G333	G702	1
G333	G4020	1
G333	G3562	1
G333	G965	1
G268	G702	1
G268	G4020	1
G268	G3562	1
G268	G965	1
G333	G2346	1
G333	G577	1
G333	G4219	1
G333	G3082	1
G333	G3143	1
G333	G3063	1
G333	G3941	1
G268	G2346	1
G268	G577	1
G268	G4219	1
G268	G3082	1
G268	G3143	1
G268	G3063	1
G268	G3941	1
G311	G107	1
G116	G3047	1
G116	G2249	1
G116	G3629	1
G116	G2222	1
G116	G351	1
G116	G2073	1
G116	G3708	1
G116	G3012	1
G73	G4202	1
G73	G4215	1
G244	G757	1
G89	G521	1
G89	G864	1
G89	G2663	1
G89	G3021	1
G89	G3502	1
G89	G384	1
G3775	G2388	1
G1117	G2388	1
G302	G3594	1
G3848	G4205	1
G4202	G241	1
G4202	G1925	1
G13	G2394	1
G192	G4383	1
G192	G647	1
G192	G689	1
G192	G2663	1
G192	G3502	1
G220	G2663	1
G220	G3502	1
G208	G2663	1
G208	G3502	1
G208	G69	1
G208	G4447	1
G283	G1708	1
G283	G486	1
G235	G1736	1
G235	G2663	1
G235	G3502	1
G235	G636	1
G66	G879	1
G66	G2314	1
G66	G125	1
G66	G2996	1
G125	G262	1
G125	G2314	1
G125	G254	1
G125	G2668	1
G125	G2821	1
G125	G3919	1
G125	G4145	1
G125	G260	1
G199	G2426	1
G199	G4024	1
G274	G3772	1
G274	G2234	1
G274	G532	1
G274	G4202	1
G274	G2567	1
G274	G1529	1
G274	G1612	1
G274	G556	1
G274	G674	1
G274	G3978	1
G274	G1414	1
G274	G3230	1
G274	G2406	1
G210	G521	1
G224	G2314	1
G31	G2314	1
G31	G254	1
G31	G3772	1
G31	G532	1
G31	G4202	1
G31	G2567	1
G31	G1529	1
G31	G1612	1
G31	G556	1
G31	G674	1
G31	G3978	1
G31	G1414	1
G31	G3230	1
G31	G2406	1
G323	G521	1
G309	G521	1
G309	G864	1
G309	G2663	1
G309	G3021	1
G309	G3502	1
G309	G384	1
G166	G188	1
G170	G2427	1
G170	G2333	1
G271	G2314	1
G271	G254	1
G243	G4332	1
G243	G1886	1
G243	G3185	1
G243	G2125	1
G243	G3725	1
G27	G3844	1
G27	G4053	1
G27	G1265	1
G27	G3699	1
G27	G4287	1
G27	G1336	1
G27	G665	1
G27	G4232	1
G27	G3438	1
G27	G2576	1
G27	G1971	1
G329	G4175	1
G329	G884	1
G329	G639	1
G329	G2871	1
G329	G2794	1
G329	G2818	1
G329	G3258	1
G329	G995	1
G329	G3315	1
G329	G1893	1
G204	G2237	1
G204	G2291	1
G204	G1275	1
G204	G3137	1
G204	G282	1
G204	G2564	1
G204	G1677	1
G204	G836	1
G204	G4212	1
G204	G1716	1
G204	G3910	1
G204	G2300	1
G204	G668	1
G204	G3496	1
G204	G918	1
G204	G2632	1
G204	G3324	1
G204	G1400	1
G204	G4067	1
G204	G1018	1
G204	G4152	1
G204	G1351	1
G204	G3239	1
G204	G783	1
G204	G1507	1
G204	G4102	1
G204	G4191	1
G204	G2542	1
G204	G1908	1
G204	G1638	1
G204	G220	1
G204	G3880	1
G204	G125	1
G204	G665	1
G204	G4115	1
G204	G1305	1
G204	G2459	1
G204	G1199	1
G204	G201	1
G204	G2536	1
G204	G2980	1
G204	G2682	1
G204	G170	1
G204	G2862	1
G204	G2988	1
G204	G3018	1
G204	G1737	1
G204	G1841	1
G204	G3712	1
G204	G2987	1
G204	G3240	1
G204	G1356	1
G204	G2427	1
G204	G2333	1
G204	G3375	1
G204	G271	1
G204	G2847	1
G204	G2538	1
G204	G739	1
G204	G4216	1
G204	G2599	1
G204	G818	1
G204	G757	1
G204	G1334	1
G204	G1163	1
G204	G3131	1
G204	G3125	1
G204	G484	1
G204	G2531	1
G204	G4349	1
G204	G226	1
G204	G4140	1
G204	G4192	1
G204	G3169	1
G204	G4334	1
G204	G162	1
G204	G2119	1
G201	G2119	1
G204	G2148	1
G201	G2148	1
G204	G731	1
G201	G731	1
G204	G3593	1
G201	G3593	1
G204	G942	1
G201	G942	1
G204	G464	1
G201	G464	1
G204	G2495	1
G201	G2495	1
G204	G3400	1
G201	G3400	1
G204	G1422	1
G201	G1422	1
G204	G3558	1
G201	G3558	1
G204	G3661	1
G201	G3661	1
G204	G3644	1
G201	G3644	1
G204	G3819	1
G201	G3819	1
G204	G3033	1
G201	G3033	1
G204	G3055	1
G201	G3055	1
G316	G791	1
G316	G1993	1
G316	G3954	1
G316	G2971	1
G316	G3792	1
G316	G3032	1
G316	G3494	1
G316	G1619	1
G316	G1503	1
G316	G259	1
G316	G4453	1
G316	G96	1
G316	G1332	1
G316	G1391	1
G316	G3603	1
G316	G1833	1
G316	G1233	1
G316	G3192	1
G316	G799	1
G316	G4277	1
G316	G2779	1
G316	G4506	1
G316	G1562	1
G316	G79	1
G316	G2945	1
G316	G2548	1
G316	G3254	1
G316	G3209	1
G316	G3037	1
G316	G2700	1
G316	G4217	1
G316	G2178	1
G316	G2917	1
G316	G4196	1
G201	G4196	1
G316	G3260	1
G201	G3260	1
G316	G1928	1
G201	G1928	1
G316	G203	1
G201	G203	1
G316	G63	1
G201	G63	1
G316	G3345	1
G201	G3345	1
G316	G3325	1
G201	G3325	1
G316	G3160	1
G201	G3160	1
G204	G558	1
G204	G3374	1
G204	G4494	1
G204	G791	1
G204	G1993	1
G204	G3954	1
G204	G2971	1
G204	G3792	1
G204	G1838	1
G204	G1212	1
G204	G1221	1
G204	G3729	1
G204	G3092	1
G204	G63	1
G204	G685	1
G204	G3680	1
G204	G3287	1
G204	G2171	1
G204	G730	1
G204	G1113	1
G204	G701	1
G204	G219	1
G204	G110	1
G204	G3586	1
G204	G1047	1
G204	G688	1
G204	G4251	1
G204	G2626	1
G204	G2	1
G204	G424	1
G204	G1395	1
G204	G2120	1
G204	G1562	1
G204	G3544	1
G204	G1485	1
G204	G4397	1
G204	G1282	1
G204	G1326	1
G204	G4283	1
G204	G1057	1
G204	G2796	1
G204	G2484	1
G204	G2255	1
G204	G1070	1
G204	G4230	1
G204	G4158	1
G204	G1313	1
G204	G581	1
G204	G322	1
G201	G360	1
G201	G2595	1
G201	G4420	1
G201	G363	1
G201	G1917	1
G201	G4107	1
G201	G1914	1
G201	G3682	1
G201	G4246	1
G201	G2957	1
G201	G3454	1
G201	G469	1
G201	G621	1
G201	G3032	1
G201	G3494	1
G201	G1469	1
G201	G3709	1
G201	G1368	1
G201	G769	1
G201	G1482	1
G201	G4211	1
G201	G931	1
G201	G2041	1
G201	G3321	1
G201	G4003	1
G201	G1904	1
G201	G992	1
G201	G1091	1
G201	G2983	1
G201	G4367	1
G201	G2604	1
G201	G3715	1
G201	G1614	1
G201	G943	1
G201	G2834	1
G201	G243	1
G201	G246	1
G201	G823	1
G201	G23	1
G201	G1463	1
G201	G413	1
G201	G911	1
G201	G1903	1
G201	G3331	1
G201	G1588	1
G201	G4286	1
G201	G1420	1
G201	G161	1
G201	G681	1
G201	G2610	1
G201	G1246	1
G201	G259	1
G201	G3953	1
G201	G3742	1
G201	G3457	1
G201	G3748	1
G201	G3356	1
G201	G382	1
G201	G2030	1
G201	G369	1
G201	G570	1
G201	G29	1
G201	G1842	1
G201	G4337	1
G201	G2293	1
G201	G2292	1
G201	G1330	1
G201	G1415	1
G201	G853	1
G201	G1729	1
G201	G2097	1
G201	G785	1
G201	G3910	1
G201	G2300	1
G201	G668	1
G201	G3496	1
G201	G897	1
G201	G1794	1
G201	G714	1
G201	G813	1
G201	G3827	1
G201	G548	1
G201	G2477	1
G201	G1027	1
G201	G1969	1
G201	G4019	1
G201	G4322	1
G201	G2679	1
G201	G2757	1
G201	G764	1
G201	G2443	1
G201	G4214	1
G201	G3828	1
G201	G3699	1
G201	G4287	1
G201	G1414	1
G201	G3985	1
G201	G3681	1
G201	G95	1
G201	G1051	1
G201	G3031	1
G201	G2423	1
G201	G4168	1
G201	G1499	1
G201	G4149	1
G201	G3775	1
G201	G1117	1
G201	G2617	1
G201	G2451	1
G201	G1398	1
G201	G1133	1
G201	G2276	1
G201	G2936	1
G201	G1647	1
G201	G4102	1
G201	G1578	1
G201	G1638	1
G201	G260	1
G201	G3330	1
G201	G3365	1
G201	G1705	1
G201	G1693	1
G201	G4245	1
G201	G3256	1
G201	G3537	1
G201	G2360	1
G201	G1833	1
G201	G1233	1
G201	G3302	1
G201	G4266	1
G201	G3419	1
G201	G1564	1
G201	G66	1
G201	G1905	1
G201	G1645	1
G201	G3193	1
G201	G1744	1
G201	G3366	1
G201	G2054	1
G201	G3894	1
G201	G1083	1
G201	G2846	1
G201	G2388	1
G201	G4172	1
G201	G574	1
G201	G1997	1
G201	G1468	1
G201	G3830	1
G201	G3309	1
G201	G1500	1
G201	G1806	1
G201	G1773	1
G201	G4272	1
G201	G3215	1
G201	G2955	1
G201	G2904	1
G201	G1559	1
G201	G338	1
G201	G1138	1
G201	G224	1
G201	G31	1
G201	G1616	1
G201	G4004	1
G201	G4469	1
G201	G1996	1
G201	G4382	1
G201	G2572	1
G201	G2472	1
G201	G3329	1
G201	G2265	1
G201	G340	1
G201	G3399	1
G201	G3966	1
G201	G774	1
G201	G2884	1
G201	G926	1
G201	G542	1
G201	G2418	1
G201	G407	1
G201	G1045	1
G201	G1428	1
G201	G2468	1
G201	G671	1
G201	G1790	1
G201	G1580	1
G201	G2682	1
G201	G2068	1
G201	G189	1
G201	G3079	1
G201	G118	1
G201	G2258	1
G201	G3253	1
G201	G2348	1
G201	G888	1
G201	G2332	1
G201	G630	1
G201	G2616	1
G201	G1622	1
G201	G2673	1
G201	G190	1
G201	G2848	1
G201	G2137	1
G201	G3842	1
G201	G3881	1
G201	G2762	1
G201	G3202	1
G201	G2767	1
G201	G2685	1
G201	G2478	1
G201	G136	1
G201	G2995	1
G201	G4151	1
G201	G3127	1
G201	G1557	1
G201	G392	1
G201	G1349	1
G201	G3408	1
G201	G1628	1
G201	G4500	1
G27	G4500	1
G201	G1595	1
G316	G1595	1
G316	G3953	1
G316	G3742	1
G316	G3457	1
G316	G3356	1
G201	G4212	1
G316	G4212	1
G201	G3303	1
G316	G3303	1
G201	G1874	1
G316	G1874	1
G201	G2602	1
G316	G2602	1
G201	G3471	1
G316	G3471	1
G201	G2440	1
G316	G2440	1
G201	G2562	1
G316	G2562	1
G201	G4389	1
G316	G4389	1
G201	G119	1
G316	G119	1
G201	G2581	1
G316	G2581	1
G201	G4173	1
G316	G4173	1
G201	G3449	1
G316	G3449	1
G316	G1645	1
G201	G4072	1
G316	G4072	1
G201	G3940	1
G316	G3940	1
G201	G3554	1
G316	G3554	1
G201	G869	1
G316	G869	1
G201	G4167	1
G316	G4167	1
G201	G3530	1
G316	G3530	1
G201	G2287	1
G316	G2287	1
G23	G1814	1
G27	G201	1
G17	G169	1
G17	G37	1
G2984	G2611	1
G1086	G2809	1
G2984	G3676	1
G2984	G521	1
G42	G95	1
G2309	G472	1
G3496	G2984	1
G2984	G4382	1
G271	G666	1
G254	G335	1
G1520	G4337	1
G1520	G1494	1
G2804	G3284	1
G2984	G116	1
G2984	G1284	1
G2984	G4206	1
G2984	G2990	1
G2984	G655	1
G2984	G1091	1
G2984	G2983	1
G2984	G2604	1
G2984	G4367	1
G2984	G1631	1
G2984	G3487	1
G2984	G4380	1
G2984	G1910	1
G2984	G1883	1
G2984	G3557	1
G2984	G4344	1
G2984	G2248	1
G2984	G1578	1
G2984	G4345	1
G2984	G1577	1
G2984	G4217	1
G2984	G1100	1
G2984	G659	1
G2984	G2802	1
G2984	G4243	1
G2984	G1218	1
G2984	G3906	1
G2984	G3562	1
G2984	G1020	1
G2173	G3474	1
G3550	G283	1
G3550	G3691	1
G3550	G2269	1
G3550	G4255	1
G3550	G1912	1
G3550	G4151	1
G3550	G513	1
G3550	G1940	1
G3550	G2441	1
G3550	G3641	1
G3550	G2924	1
G3550	G2160	1
G3550	G3371	1
G3550	G560	1
G3550	G2878	1
G3550	G3374	1
G3550	G1658	1
G3550	G1526	1
G3550	G2726	1
G3550	G4332	1
G3550	G4074	1
G3550	G150	1
G4478	G2512	1
G4478	G2510	1
G4478	G3443	1
G4478	G954	1
G796	G593	1
G889	G283	1
G889	G3691	1
G889	G2296	1
G889	G2269	1
G889	G4255	1
G889	G4151	1
G889	G1585	1
G889	G536	1
G889	G513	1
G889	G1940	1
G889	G2441	1
G889	G3641	1
G889	G2924	1
G889	G2160	1
G889	G3371	1
G889	G560	1
G889	G2878	1
G889	G3374	1
G889	G1658	1
G889	G1526	1
G889	G2726	1
G889	G2387	1
G889	G4332	1
G889	G4074	1
G889	G150	1
G1997	G3517	1
G2572	G3742	1
G948	G2793	1
G948	G42	1
G948	G440	1
G948	G3691	1
G4453	G254	1
G2603	G4473	1
G3922	G281	1
G3922	G316	1
G3922	G4019	1
G3922	G223	1
G3922	G3323	1
G4337	G1494	1
G3045	G4082	1
G3438	G663	1
G3438	G3262	1
G3199	G316	1
G930	G2482	1
G930	G4496	1
G930	G3313	1
G930	G676	1
G930	G4271	1
G930	G1927	1
G930	G1191	1
G930	G2929	1
G930	G316	1
G930	G1377	1
G930	G1643	1
G930	G99	1
G3278	G1662	1
G335	G3557	1
G496	G3871	1
G496	G3262	1
G4213	G1576	1
G4213	G2985	1
G4213	G2555	1
G4213	G2045	1
G4213	G2351	1
G4213	G2900	1
G4213	G3026	1
G4213	G742	1
G4213	G1486	1
G4213	G3524	1
G4213	G1876	1
G4213	G4225	1
G4213	G3877	1
G4213	G1116	1
G4213	G1144	1
G4213	G3608	1
G4213	G2810	1
G4213	G3162	1
G4213	G464	1
G4213	G1018	1
G4213	G1677	1
G4213	G1351	1
G4213	G2148	1
G4213	G649	1
G4213	G1737	1
G4213	G141	1
G4213	G1949	1
G4213	G607	1
G4213	G1310	1
G4213	G2789	1
G4213	G525	1
G4213	G4475	1
G4213	G3973	1
G4213	G3400	1
G4213	G1835	1
G4213	G3142	1
G4213	G1616	1
G4213	G1027	1
G4213	G434	1
G4213	G1009	1
G4213	G1842	1
G4213	G4196	1
G4213	G2086	1
G4213	G1649	1
G4213	G2231	1
G4213	G2747	1
G4213	G3144	1
G4213	G650	1
G4213	G2293	1
G4213	G2818	1
G4213	G4083	1
G542	G926	1
G2323	G3685	1
G3633	G3262	1
G3046	G2148	1
G2488	G3871	1
G2488	G3691	1
G3204	G3688	1
